fixed acidity;volatile acidity;citric acid;residual sugar;chlorides;free sulfur dioxide;total sulfur dioxide;density;pH;sulphates;alcohol;quality
07.Кві;0.7;0;01.Вер;0.076;11;34;0.9978;Бер.51;0.56;09.Кві;5
07.Сер;0.88;0;02.Чер;0.098;25;67;0.9968;03.Лют;0.68;09.Сер;5
07.Сер;0.76;0.04;02.Бер;0.092;15;54;0.997;Бер.26;0.65;09.Сер;5
11.Лют;0.28;0.56;01.Вер;0.075;17;60;0.998;Бер.16;0.58;09.Сер;6
07.Кві;0.7;0;01.Вер;0.076;11;34;0.9978;Бер.51;0.56;09.Кві;5
07.Кві;0.66;0;01.Сер;0.075;13;40;0.9978;Бер.51;0.56;09.Кві;5
07.Вер;0.6;0.06;01.Чер;0.069;15;59;0.9964;03.Бер;0.46;09.Кві;5
07.Бер;0.65;0;01.Лют;0.065;15;21;0.9946;Бер.39;0.47;10;7
07.Сер;0.58;0.02;2;0.073;9;18;0.9968;Бер.36;0.57;09.Тра;7
07.Тра;0.5;0.36;06.Січ;0.071;17;102;0.9978;Бер.35;0.8;10.Тра;5
06.Лип;0.58;0.08;01.Сер;0.097;15;65;0.9959;Бер.28;0.54;09.Лют;5
07.Тра;0.5;0.36;06.Січ;0.071;17;102;0.9978;Бер.35;0.8;10.Тра;5
05.Чер;0.615;0;01.Чер;0.089;16;59;0.9943;Бер.58;0.52;09.Вер;5
07.Сер;0.61;0.29;01.Чер;0.114;9;29;0.9974;Бер.26;Січ.56;09.Січ;5
08.Вер;0.62;0.18;03.Сер;0.176;52;145;0.9986;Бер.16;0.88;09.Лют;5
08.Вер;0.62;0.19;03.Вер;0.17;51;148;0.9986;Бер.17;0.93;09.Лют;5
08.Тра;0.28;0.56;01.Сер;0.092;35;103;0.9969;03.Бер;0.75;10.Тра;7
08.Січ;0.56;0.28;01.Лип;0.368;16;56;0.9968;03.Лис;Січ.28;09.Бер;5
07.Кві;0.59;0.08;04.Кві;0.086;6;29;0.9974;Бер.38;0.5;9;4
07.Вер;0.32;0.51;01.Сер;0.341;17;56;0.9969;03.Кві;01.Сер;09.Лют;6
08.Вер;0.22;0.48;01.Сер;0.077;29;60;0.9968;Бер.39;0.53;09.Кві;6
07.Чер;0.39;0.31;02.Бер;0.082;23;71;0.9982;Бер.52;0.65;09.Лип;5
07.Вер;0.43;0.21;01.Чер;0.106;10;37;0.9966;Бер.17;0.91;09.Тра;5
08.Тра;0.49;0.11;02.Бер;0.084;9;67;0.9968;Бер.17;0.53;09.Кві;5
06.Вер;0.4;0.14;02.Кві;0.085;21;40;0.9968;Бер.43;0.63;09.Лип;6
06.Бер;0.39;0.16;01.Кві;0.08;11;23;0.9955;Бер.34;0.56;09.Бер;5
07.Чер;0.41;0.24;01.Сер;0.08;4;11;0.9962;Бер.28;0.59;09.Тра;5
07.Вер;0.43;0.21;01.Чер;0.106;10;37;0.9966;Бер.17;0.91;09.Тра;5
07.Січ;0.71;0;01.Вер;0.08;14;35;0.9972;Бер.47;0.55;09.Кві;5
07.Сер;0.645;0;2;0.082;8;16;0.9964;Бер.38;0.59;09.Сер;6
06.Лип;0.675;0.07;02.Кві;0.089;17;82;0.9958;Бер.35;0.54;10.Січ;5
06.Вер;0.685;0;02.Тра;0.105;22;37;0.9966;Бер.46;0.57;10.Чер;6
08.Бер;0.655;0.12;02.Бер;0.083;15;113;0.9966;Бер.17;0.66;09.Сер;5
06.Вер;0.605;0.12;10.Лип;0.073;40;83;0.9993;Бер.45;0.52;09.Кві;6
05.Лют;0.32;0.25;01.Сер;0.103;13;50;0.9957;Бер.38;0.55;09.Лют;5
07.Сер;0.645;0;05.Тра;0.086;5;18;0.9986;03.Кві;0.55;09.Чер;6
07.Сер;0.6;0.14;02.Кві;0.086;3;15;0.9975;Бер.42;0.6;10.Сер;6
08.Січ;0.38;0.28;02.Січ;0.066;13;30;0.9968;Бер.23;0.73;09.Лип;7
05.Лип;Січ.13;0.09;01.Тра;0.172;7;19;0.994;03.Тра;0.48;09.Сер;4
07.Бер;0.45;0.36;05.Вер;0.074;12;87;0.9978;Бер.33;0.83;10.Тра;5
07.Бер;0.45;0.36;05.Вер;0.074;12;87;0.9978;Бер.33;0.83;10.Тра;5
08.Сер;0.61;0.3;02.Сер;0.088;17;46;0.9976;Бер.26;0.51;09.Бер;4
07.Тра;0.49;0.2;02.Чер;0.332;8;14;0.9968;Бер.21;0.9;10.Тра;6
08.Січ;0.66;0.22;02.Лют;0.069;9;23;0.9968;03.Бер;01.Лют;10.Бер;5
06.Сер;0.67;0.02;01.Сер;0.05;5;11;0.9962;Бер.48;0.52;09.Тра;5
04.Чер;0.52;0.15;02.Січ;0.054;8;65;0.9934;03.Вер;0.56;13.Січ;4
07.Лип;0.935;0.43;02.Лют;0.114;22;114;0.997;Бер.25;0.73;09.Лют;5
08.Лип;0.29;0.52;01.Чер;0.113;12;37;0.9969;Бер.25;0.58;09.Тра;5
06.Кві;0.4;0.23;01.Чер;0.066;5;12;0.9958;Бер.34;0.56;09.Лют;5
05.Чер;0.31;0.37;01.Кві;0.074;12;96;0.9954;Бер.32;0.58;09.Лют;5
08.Сер;0.66;0.26;01.Лип;0.074;4;23;0.9971;Бер.15;0.74;09.Лют;5
06.Чер;0.52;0.04;02.Лют;0.069;8;15;0.9956;03.Кві;0.63;09.Кві;6
06.Чер;0.5;0.04;02.Січ;0.068;6;14;0.9955;Бер.39;0.64;09.Кві;6
08.Чер;0.38;0.36;3;0.081;30;119;0.997;03.Лют;0.56;09.Кві;5
07.Чер;0.51;0.15;02.Сер;0.11;33;73;0.9955;Бер.17;0.63;10.Лют;6
07.Лип;0.62;0.04;03.Сер;0.084;25;45;0.9978;Бер.34;0.53;09.Тра;5
10.Лют;0.42;0.57;03.Кві;0.07;4;10;0.9971;03.Кві;0.63;09.Чер;5
07.Тра;0.63;0.12;05.Січ;0.111;50;110;0.9983;Бер.26;0.77;09.Кві;5
07.Сер;0.59;0.18;02.Бер;0.076;17;54;0.9975;Бер.43;0.59;10;5
07.Бер;0.39;0.31;02.Кві;0.074;9;46;0.9962;Бер.41;0.54;09.Кві;6
08.Сер;0.4;0.4;02.Лют;0.079;19;52;0.998;Бер.44;0.64;09.Лют;5
07.Лип;0.69;0.49;01.Сер;0.115;20;112;0.9968;Бер.21;0.71;09.Бер;5
07.Тра;0.52;0.16;01.Вер;0.085;12;35;0.9968;Бер.38;0.62;09.Тра;7
7;0.735;0.05;2;0.081;13;54;0.9966;Бер.39;0.57;09.Сер;5
07.Лют;0.725;0.05;Кві.65;0.086;4;11;0.9962;Бер.41;0.39;10.Вер;5
07.Лют;0.725;0.05;Кві.65;0.086;4;11;0.9962;Бер.41;0.39;10.Вер;5
07.Тра;0.52;0.11;01.Тра;0.079;11;39;0.9968;Бер.42;0.58;09.Чер;5
06.Чер;0.705;0.07;01.Чер;0.076;6;15;0.9962;Бер.44;0.58;10.Лип;5
09.Бер;0.32;0.57;2;0.074;27;65;0.9969;Бер.28;0.79;10.Лип;5
8;0.705;0.05;01.Вер;0.074;8;19;0.9962;Бер.34;0.95;10.Тра;6
07.Лип;0.63;0.08;01.Вер;0.076;15;27;0.9967;Бер.32;0.54;09.Тра;6
07.Лип;0.67;0.23;02.Січ;0.088;17;96;0.9962;Бер.32;0.48;09.Тра;5
07.Лип;0.69;0.22;01.Вер;0.084;18;94;0.9961;Бер.31;0.48;09.Тра;5
08.Бер;0.675;0.26;02.Січ;0.084;11;43;0.9976;Бер.31;0.53;09.Лют;4
09.Лип;0.32;0.54;02.Тра;0.094;28;83;0.9984;Бер.28;0.82;09.Чер;5
08.Сер;0.41;0.64;02.Лют;0.093;9;42;0.9986;Бер.54;0.66;10.Тра;5
08.Сер;0.41;0.64;02.Лют;0.093;9;42;0.9986;Бер.54;0.66;10.Тра;5
06.Сер;0.785;0;02.Кві;0.104;14;30;0.9966;Бер.52;0.55;10.Лип;6
06.Лип;0.75;0.12;2;0.086;12;80;0.9958;Бер.38;0.52;10.Січ;5
08.Бер;0.625;0.2;01.Тра;0.08;27;119;0.9972;Бер.16;01.Гру;09.Січ;4
06.Лют;0.45;0.2;01.Чер;0.069;3;15;0.9958;Бер.41;0.56;09.Лют;5
07.Сер;0.43;0.7;01.Вер;0.464;22;67;0.9974;Бер.13;Січ.28;09.Кві;5
07.Кві;0.5;0.47;2;0.086;21;73;0.997;Бер.36;0.57;09.Січ;5
07.Бер;0.67;0.26;01.Сер;0.401;16;51;0.9969;Бер.16;Січ.14;09.Кві;5
06.Бер;0.3;0.48;01.Сер;0.069;18;61;0.9959;Бер.44;0.78;10.Бер;6
06.Вер;0.55;0.15;02.Лют;0.076;19;40;0.9961;Бер.41;0.59;10.Січ;5
08.Чер;0.49;0.28;01.Вер;0.11;20;136;0.9972;Лют.93;Січ.95;09.Вер;6
07.Лип;0.49;0.26;01.Вер;0.062;9;31;0.9966;Бер.39;0.64;09.Чер;5
09.Бер;0.39;0.44;02.Січ;0.107;34;125;0.9978;Бер.14;Січ.22;09.Тра;5
7;0.62;0.08;01.Сер;0.076;8;24;0.9978;Бер.48;0.53;9;5
07.Вер;0.52;0.26;01.Вер;0.079;42;140;0.9964;Бер.23;0.54;09.Тра;5
08.Чер;0.49;0.28;01.Вер;0.11;20;136;0.9972;Лют.93;Січ.95;09.Вер;6
08.Чер;0.49;0.29;2;0.11;19;133;0.9972;Лют.93;Січ.98;09.Сер;5
07.Лип;0.49;0.26;01.Вер;0.062;9;31;0.9966;Бер.39;0.64;09.Чер;5
5;01.Лют;0.04;01.Кві;0.045;41;85;0.9938;Бер.75;0.48;10.Тра;4
04.Лип;0.6;0.17;02.Бер;0.058;17;106;0.9932;Бер.85;0.6;12.Вер;6
06.Сер;0.775;0;3;0.102;8;23;0.9965;Бер.45;0.56;10.Лип;5
7;0.5;0.25;2;0.07;3;22;0.9963;Бер.25;0.63;09.Лют;5
07.Чер;0.9;0.06;02.Тра;0.079;5;10;0.9967;Бер.39;0.56;09.Сер;5
08.Січ;0.545;0.18;01.Вер;0.08;13;35;0.9972;03.Бер;0.59;9;6
08.Бер;0.61;0.3;02.Січ;0.084;11;50;0.9972;03.Кві;0.61;10.Лют;6
07.Сер;0.5;0.3;01.Вер;0.075;8;22;0.9959;Бер.31;0.56;10.Кві;6
08.Січ;0.545;0.18;01.Вер;0.08;13;35;0.9972;03.Бер;0.59;9;6
08.Січ;0.575;0.22;02.Січ;0.077;12;65;0.9967;Бер.29;0.51;09.Лют;5
07.Лют;0.49;0.24;02.Лют;0.07;5;36;0.996;Бер.33;0.48;09.Кві;5
08.Січ;0.575;0.22;02.Січ;0.077;12;65;0.9967;Бер.29;0.51;09.Лют;5
07.Сер;0.41;0.68;01.Лип;0.467;18;69;0.9973;03.Сер;Січ.31;09.Бер;5
06.Лют;0.63;0.31;01.Лип;0.088;15;64;0.9969;Бер.46;0.79;09.Бер;5
8;0.33;0.53;02.Тра;0.091;18;80;0.9976;Бер.37;0.8;09.Чер;6
08.Січ;0.785;0.52;2;0.122;37;153;0.9969;Бер.21;0.69;09.Бер;5
07.Сер;0.56;0.19;01.Сер;0.104;12;47;0.9964;Бер.19;0.93;09.Тра;5
08.Кві;0.62;0.09;02.Лют;0.084;11;108;0.9964;Бер.15;0.66;09.Сер;5
08.Кві;0.6;0.1;02.Лют;0.085;14;111;0.9964;Бер.15;0.66;09.Сер;5
10.Січ;0.31;0.44;02.Бер;0.08;22;46;0.9988;Бер.32;0.67;09.Лип;6
07.Сер;0.56;0.19;01.Сер;0.104;12;47;0.9964;Бер.19;0.93;09.Тра;5
09.Кві;0.4;0.31;02.Лют;0.09;13;62;0.9966;03.Лип;0.63;10.Тра;6
08.Бер;0.54;0.28;01.Вер;0.077;11;40;0.9978;Бер.39;0.61;10;6
07.Сер;0.56;0.12;2;0.082;7;28;0.997;Бер.37;0.5;09.Кві;6
08.Сер;0.55;0.04;02.Лют;0.119;14;56;0.9962;Бер.21;0.6;10.Вер;6
7;0.69;0.08;01.Сер;0.097;22;89;0.9959;Бер.34;0.54;09.Лют;6
07.Бер;01.Лип;0.09;01.Лип;0.178;10;89;0.9962;03.Бер;0.57;9;5
08.Сер;0.55;0.04;02.Лют;0.119;14;56;0.9962;Бер.21;0.6;10.Вер;6
07.Бер;0.695;0;02.Тра;0.075;3;13;0.998;Бер.49;0.52;09.Лют;5
8;0.71;0;02.Чер;0.08;11;34;0.9976;Бер.44;0.53;09.Тра;5
07.Сер;0.5;0.17;01.Чер;0.082;21;102;0.996;Бер.39;0.48;09.Тра;5
9;0.62;0.04;01.Вер;0.146;27;90;0.9984;Бер.16;0.7;09.Кві;5
08.Лют;Січ.33;0;01.Лип;0.081;3;12;0.9964;Бер.53;0.49;10.Вер;5
08.Січ;Січ.33;0;01.Сер;0.082;3;12;0.9964;Бер.54;0.48;10.Вер;5
8;0.59;0.16;01.Сер;0.065;3;16;0.9962;Бер.42;0.92;10.Тра;7
06.Січ;0.38;0.15;01.Сер;0.072;6;19;0.9955;Бер.42;0.57;09.Кві;5
8;0.745;0.56;2;0.118;30;134;0.9968;Бер.24;0.66;09.Кві;5
05.Чер;0.5;0.09;02.Бер;0.049;17;99;0.9937;Бер.63;0.63;13;5
05.Чер;0.5;0.09;02.Бер;0.049;17;99;0.9937;Бер.63;0.63;13;5
06.Чер;0.5;0.01;01.Тра;0.06;17;26;0.9952;03.Кві;0.58;09.Сер;6
07.Вер;01.Кві;0.05;02.Лют;0.084;13;29;0.9959;Бер.22;0.55;09.Вер;6
08.Кві;0.745;0.11;01.Вер;0.09;16;63;0.9965;Бер.19;0.82;09.Чер;5
08.Бер;0.715;0.15;01.Сер;0.089;10;52;0.9968;Бер.23;0.77;09.Тра;5
07.Лют;0.415;0.36;2;0.081;13;45;0.9972;Бер.48;0.64;09.Лют;5
07.Сер;0.56;0.19;02.Січ;0.081;15;105;0.9962;Бер.33;0.54;09.Тра;5
07.Сер;0.56;0.19;2;0.081;17;108;0.9962;Бер.32;0.54;09.Тра;5
08.Кві;0.745;0.11;01.Вер;0.09;16;63;0.9965;Бер.19;0.82;09.Чер;5
08.Бер;0.715;0.15;01.Сер;0.089;10;52;0.9968;Бер.23;0.77;09.Тра;5
05.Лют;0.34;0;01.Сер;0.05;27;63;0.9916;Бер.68;0.79;14;6
06.Бер;0.39;0.08;01.Лип;0.066;3;20;0.9954;Бер.34;0.58;09.Кві;5
05.Лют;0.34;0;01.Сер;0.05;27;63;0.9916;Бер.68;0.79;14;6
08.Січ;0.67;0.55;01.Сер;0.117;32;141;0.9968;Бер.17;0.62;09.Кві;5
05.Сер;0.68;0.02;01.Сер;0.087;21;94;0.9944;Бер.54;0.52;10;5
07.Чер;0.49;0.26;01.Чер;0.236;10;88;0.9968;03.Лис;0.8;09.Бер;5
06.Вер;0.49;0.1;02.Бер;0.074;12;30;0.9959;Бер.42;0.58;10.Лют;6
08.Лют;0.4;0.44;02.Сер;0.089;11;43;0.9975;Бер.53;0.61;10.Тра;6
07.Бер;0.33;0.47;02.Січ;0.077;5;11;0.9958;Бер.33;0.53;10.Бер;6
09.Лют;0.52;1;03.Кві;0.61;32;69;0.9996;Лют.74;2.0;09.Кві;4
07.Тра;0.6;0.03;01.Сер;0.095;25;99;0.995;Бер.35;0.54;10.Січ;5
07.Тра;0.6;0.03;01.Сер;0.095;25;99;0.995;Бер.35;0.54;10.Січ;5
07.Січ;0.43;0.42;05.Тра;0.07;29;129;0.9973;Бер.42;0.72;10.Тра;5
07.Січ;0.43;0.42;05.Тра;0.071;28;128;0.9973;Бер.42;0.71;10.Тра;5
07.Січ;0.43;0.42;05.Тра;0.07;29;129;0.9973;Бер.42;0.72;10.Тра;5
07.Січ;0.43;0.42;05.Тра;0.071;28;128;0.9973;Бер.42;0.71;10.Тра;5
07.Січ;0.68;0;02.Лют;0.073;12;22;0.9969;Бер.48;0.5;09.Бер;5
06.Сер;0.6;0.18;01.Вер;0.079;18;86;0.9968;Бер.59;0.57;09.Бер;6
07.Чер;0.95;0.03;2;0.09;7;20;0.9959;03.Лют;0.56;09.Чер;5
07.Чер;0.68;0.02;01.Бер;0.072;9;20;0.9965;Бер.17;01.Сер;09.Лют;4
07.Сер;0.53;0.04;01.Лип;0.076;17;31;0.9964;Бер.33;0.56;10;6
07.Кві;0.6;0.26;07.Бер;0.07;36;121;0.9982;Бер.37;0.49;09.Кві;5
07.Бер;0.59;0.26;07.Лют;0.07;35;121;0.9981;Бер.37;0.49;09.Кві;5
07.Сер;0.63;0.48;01.Лип;0.1;14;96;0.9961;Бер.19;0.62;09.Тра;5
06.Сер;0.64;0.1;02.Січ;0.085;18;101;0.9956;Бер.34;0.52;10.Лют;5
07.Бер;0.55;0.03;01.Чер;0.072;17;42;0.9956;Бер.37;0.48;9;4
06.Сер;0.63;0.07;02.Січ;0.089;11;44;0.9953;Бер.47;0.55;10.Кві;6
07.Тра;0.705;0.24;01.Сер;0.36;15;63;0.9964;3;Січ.59;09.Тра;5
07.Вер;0.885;0.03;01.Сер;0.058;4;8;0.9972;Бер.36;0.33;09.Січ;4
8;0.42;0.17;2;0.073;6;18;0.9972;Бер.29;0.61;09.Лют;6
8;0.42;0.17;2;0.073;6;18;0.9972;Бер.29;0.61;09.Лют;6
07.Кві;0.62;0.05;01.Вер;0.068;24;42;0.9961;Бер.42;0.57;11.Тра;6
07.Бер;0.38;0.21;2;0.08;7;35;0.9961;Бер.33;0.47;09.Тра;5
06.Вер;0.5;0.04;01.Тра;0.085;19;49;0.9958;Бер.35;0.78;09.Тра;5
07.Бер;0.38;0.21;2;0.08;7;35;0.9961;Бер.33;0.47;09.Тра;5
07.Тра;0.52;0.42;02.Бер;0.087;8;38;0.9972;Бер.58;0.61;10.Тра;6
7;0.805;0;02.Тра;0.068;7;20;0.9969;Бер.48;0.56;09.Чер;5
08.Сер;0.61;0.14;02.Кві;0.067;10;42;0.9969;Бер.19;0.59;09.Тра;5
08.Сер;0.61;0.14;02.Кві;0.067;10;42;0.9969;Бер.19;0.59;09.Тра;5
08.Вер;0.61;0.49;2;0.27;23;110;0.9972;03.Гру;01.Лют;09.Бер;5
07.Лют;0.73;0.02;02.Тра;0.076;16;42;0.9972;Бер.44;0.52;09.Бер;5
06.Сер;0.61;0.2;01.Сер;0.077;11;65;0.9971;Бер.54;0.58;09.Бер;5
06.Лип;0.62;0.21;01.Вер;0.079;8;62;0.997;Бер.52;0.58;09.Бер;6
08.Вер;0.31;0.57;2;0.111;26;85;0.9971;Бер.26;0.53;09.Лип;5
07.Кві;0.39;0.48;2;0.082;14;67;0.9972;Бер.34;0.55;09.Лют;5
07.Лип;0.705;0.1;02.Чер;0.084;9;26;0.9976;Бер.39;0.49;09.Лип;5
07.Вер;0.5;0.33;2;0.084;15;143;0.9968;03.Лют;0.55;09.Тра;5
07.Вер;0.49;0.32;01.Вер;0.082;17;144;0.9968;03.Лют;0.55;09.Тра;5
08.Лют;0.5;0.35;02.Вер;0.077;21;127;0.9976;Бер.23;0.62;09.Кві;5
06.Кві;0.37;0.25;01.Вер;0.074;21;49;0.9974;Бер.57;0.62;09.Сер;6
06.Сер;0.63;0.12;03.Сер;0.099;16;126;0.9969;Бер.28;0.61;09.Тра;5
07.Чер;0.55;0.21;02.Лют;0.071;7;28;0.9964;Бер.28;0.55;09.Лип;5
07.Чер;0.55;0.21;02.Лют;0.071;7;28;0.9964;Бер.28;0.55;09.Лип;5
07.Сер;0.59;0.33;2;0.074;24;120;0.9968;Бер.25;0.54;09.Кві;5
07.Бер;0.58;0.3;02.Кві;0.074;15;55;0.9968;Бер.46;0.59;10.Лют;5
11.Тра;0.3;0.6;2;0.067;12;27;0.9981;03.Лис;0.97;10.Січ;6
05.Кві;0.835;0.08;01.Лют;0.046;13;93;0.9924;Бер.57;0.85;13;7
06.Вер;01.Вер;0.06;02.Січ;0.061;12;31;0.9948;Бер.51;0.43;11.Кві;4
09.Чер;0.32;0.47;01.Кві;0.056;9;24;0.99695;Бер.22;0.82;10.Бер;7
08.Сер;0.37;0.48;02.Січ;0.097;39;145;0.9975;03.Кві;01.Бер;09.Бер;5
06.Сер;0.5;0.11;01.Тра;0.075;16;49;0.99545;Бер.36;0.79;09.Тра;5
7;0.42;0.35;01.Чер;0.088;16;39;0.9961;Бер.34;0.55;09.Лют;5
7;0.43;0.36;01.Чер;0.089;14;37;0.99615;Бер.34;0.56;09.Лют;6
12.Сер;0.3;0.74;02.Чер;0.095;9;28;0.9994;03.Лют;0.77;10.Сер;7
12.Сер;0.3;0.74;02.Чер;0.095;9;28;0.9994;03.Лют;0.77;10.Сер;7
07.Сер;0.57;0.31;01.Сер;0.069;26;120;0.99625;Бер.29;0.53;09.Бер;5
07.Сер;0.44;0.28;02.Лип;0.1;18;95;0.9966;Бер.22;0.67;09.Кві;5
11;0.3;0.58;02.Січ;0.054;7;19;0.998;Бер.31;0.88;10.Тра;7
09.Лип;0.53;0.6;2;0.039;5;19;0.99585;03.Бер;0.86;12.Кві;6
8;0.725;0.24;02.Сер;0.083;10;62;0.99685;Бер.35;0.56;10;6
11.Чер;0.44;0.64;02.Січ;0.059;5;15;0.998;Бер.21;0.67;10.Лют;6
08.Лют;0.57;0.26;02.Лют;0.06;28;65;0.9959;03.Бер;0.43;10.Січ;5
07.Сер;0.735;0.08;02.Кві;0.092;10;41;0.9974;Бер.24;0.71;09.Сер;6
7;0.49;0.49;05.Чер;0.06;26;121;0.9974;Бер.34;0.76;10.Тра;5
08.Лип;0.625;0.16;2;0.101;13;49;0.9962;Бер.14;0.57;11;5
08.Січ;0.725;0.22;02.Лют;0.072;11;41;0.9967;Бер.36;0.55;09.Січ;5
07.Тра;0.49;0.19;01.Вер;0.076;10;44;0.9957;Бер.39;0.54;09.Лип;5
07.Сер;0.53;0.33;02.Кві;0.08;24;144;0.99655;03.Бер;0.6;09.Тра;5
07.Сер;0.34;0.37;2;0.082;24;58;0.9964;Бер.34;0.59;09.Кві;6
07.Кві;0.53;0.26;2;0.101;16;72;0.9957;Бер.15;0.57;09.Кві;5
06.Сер;0.61;0.04;01.Тра;0.057;5;10;0.99525;Бер.42;0.6;09.Тра;5
08.Чер;0.645;0.25;2;0.083;8;28;0.99815;Бер.28;0.6;10;6
08.Кві;0.635;0.36;2;0.089;15;55;0.99745;Бер.31;0.57;10.Кві;4
07.Лип;0.43;0.25;02.Чер;0.073;29;63;0.99615;Бер.37;0.58;10.Тра;6
08.Вер;0.59;0.5;2;0.337;27;81;0.9964;03.Кві;Січ.61;09.Тра;6
9;0.82;0.14;02.Чер;0.089;9;23;0.9984;Бер.39;0.63;09.Сер;5
07.Лип;0.43;0.25;02.Чер;0.073;29;63;0.99615;Бер.37;0.58;10.Тра;6
06.Вер;0.52;0.25;02.Чер;0.081;10;37;0.99685;Бер.46;0.5;11;5
05.Лют;0.48;0.04;01.Чер;0.054;19;106;0.9927;Бер.54;0.62;12.Лют;7
8;0.38;0.06;01.Сер;0.078;12;49;0.99625;Бер.37;0.52;09.Вер;6
08.Тра;0.37;0.2;02.Сер;0.09;18;58;0.998;Бер.34;0.7;09.Чер;6
06.Вер;0.52;0.25;02.Чер;0.081;10;37;0.99685;Бер.46;0.5;11;5
08.Лют;1;0.09;02.Бер;0.065;7;37;0.99685;Бер.32;0.55;9;6
07.Лют;0.63;0;01.Вер;0.097;14;38;0.99675;Бер.37;0.58;9;6
07.Лют;0.63;0;01.Вер;0.097;14;38;0.99675;Бер.37;0.58;9;6
07.Лют;0.645;0;01.Вер;0.097;15;39;0.99675;Бер.37;0.58;09.Лют;6
07.Лют;0.63;0;01.Вер;0.097;14;38;0.99675;Бер.37;0.58;9;6
08.Лют;1;0.09;02.Бер;0.065;7;37;0.99685;Бер.32;0.55;9;6
08.Вер;0.635;0.37;01.Лип;0.263;5;62;0.9971;3;01.Вер;09.Бер;5
12;0.38;0.56;02.Січ;0.093;6;24;0.99925;Бер.14;0.71;10.Вер;6
07.Лип;0.58;0.1;01.Сер;0.102;28;109;0.99565;03.Сер;0.49;09.Сер;6
15;0.21;0.44;02.Лют;0.075;10;24;1.00005;03.Лип;0.84;09.Лют;7
15;0.21;0.44;02.Лют;0.075;10;24;1.00005;03.Лип;0.84;09.Лют;7
07.Бер;0.66;0;2;0.084;6;23;0.9983;Бер.61;0.96;09.Вер;6
07.Січ;0.68;0.07;01.Вер;0.075;16;51;0.99685;Бер.38;0.52;09.Тра;5
08.Лют;0.6;0.17;02.Бер;0.072;11;73;0.9963;03.Лют;0.45;09.Бер;5
07.Лип;0.53;0.06;01.Лип;0.074;9;39;0.99615;Бер.35;0.48;09.Сер;6
07.Бер;0.66;0;2;0.084;6;23;0.9983;Бер.61;0.96;09.Вер;6
10.Сер;0.32;0.44;01.Чер;0.063;16;37;0.9985;Бер.22;0.78;10;6
07.Січ;0.6;0;01.Сер;0.074;16;34;0.9972;Бер.47;0.7;09.Вер;6
11.Січ;0.35;0.48;03.Січ;0.09;5;21;0.9986;Бер.17;0.53;10.Тра;5
07.Лип;0.775;0.42;01.Вер;0.092;8;86;0.9959;Бер.23;0.59;09.Тра;5
07.Січ;0.6;0;01.Сер;0.074;16;34;0.9972;Бер.47;0.7;09.Вер;6
8;0.57;0.23;03.Лют;0.073;17;119;0.99675;Бер.26;0.57;09.Бер;5
09.Кві;0.34;0.37;02.Лют;0.075;5;13;0.998;Бер.22;0.62;09.Лют;5
06.Чер;0.695;0;02.Січ;0.075;12;56;0.9968;Бер.49;0.67;09.Лют;5
07.Лип;0.41;0.76;01.Сер;0.611;8;45;0.9968;03.Чер;Січ.26;09.Кві;5
10;0.31;0.47;02.Чер;0.085;14;33;0.99965;Бер.36;0.8;10.Тра;7
07.Вер;0.33;0.23;01.Лип;0.077;18;45;0.99625;Бер.29;0.65;09.Бер;5
7;0.975;0.04;2;0.087;12;67;0.99565;Бер.35;0.6;09.Кві;4
8;0.52;0.03;01.Лип;0.07;10;35;0.99575;Бер.34;0.57;10;5
07.Вер;0.37;0.23;01.Сер;0.077;23;49;0.9963;Бер.28;0.67;09.Бер;5
12.Тра;0.56;0.49;02.Кві;0.064;5;27;0.9999;03.Сер;0.87;10.Вер;5
11.Сер;0.26;0.52;01.Сер;0.071;6;10;0.9968;03.Лют;0.72;10.Лют;7
08.Січ;0.87;0;03.Бер;0.096;26;61;1.00025;03.Чер;0.72;09.Сер;4
07.Вер;0.35;0.46;03.Чер;0.078;15;37;0.9973;Бер.35;0.86;12.Сер;8
06.Вер;0.54;0.04;3;0.077;7;27;0.9987;Бер.69;0.91;09.Кві;6
11.Тра;0.18;0.51;4;0.104;4;23;0.9996;Бер.28;0.97;10.Січ;6
07.Вер;0.545;0.06;4;0.087;27;61;0.9965;Бер.36;0.67;10.Лип;6
11.Тра;0.18;0.51;4;0.104;4;23;0.9996;Бер.28;0.97;10.Січ;6
10.Вер;0.37;0.58;4;0.071;17;65;0.99935;Бер.22;0.78;10.Січ;5
08.Кві;0.715;0.2;02.Кві;0.076;10;38;0.99735;Бер.31;0.64;09.Кві;5
07.Тра;0.65;0.18;7;0.088;27;94;0.99915;Бер.38;0.77;09.Кві;5
07.Вер;0.545;0.06;4;0.087;27;61;0.9965;Бер.36;0.67;10.Лип;6
06.Вер;0.54;0.04;3;0.077;7;27;0.9987;Бер.69;0.91;09.Кві;6
11.Тра;0.18;0.51;4;0.104;4;23;0.9996;Бер.28;0.97;10.Січ;6
10.Бер;0.32;0.45;06.Кві;0.073;5;13;0.9976;Бер.23;0.82;12.Чер;8
08.Вер;0.4;0.32;05.Чер;0.087;10;47;0.9991;Бер.38;0.77;10.Тра;7
11.Кві;0.26;0.44;03.Чер;0.071;6;19;0.9986;03.Гру;0.82;09.Бер;6
07.Лип;0.27;0.68;03.Тра;0.358;5;10;0.9972;Бер.25;01.Сер;09.Вер;7
07.Чер;0.52;0.12;3;0.067;12;53;0.9971;Бер.36;0.57;09.Січ;5
08.Вер;0.4;0.32;05.Чер;0.087;10;47;0.9991;Бер.38;0.77;10.Тра;7
09.Вер;0.59;0.07;03.Кві;0.102;32;71;1.00015;Бер.31;0.71;09.Сер;5
09.Вер;0.59;0.07;03.Кві;0.102;32;71;1.00015;Бер.31;0.71;09.Сер;5
12;0.45;0.55;2;0.073;25;49;0.9997;03.Січ;0.76;10.Бер;6
07.Тра;0.4;0.12;3;0.092;29;53;0.9967;Бер.37;0.7;10.Бер;6
08.Лип;0.52;0.09;02.Тра;0.091;20;49;0.9976;Бер.34;0.86;10.Чер;7
11.Чер;0.42;0.53;03.Бер;0.105;33;98;1.001;03.Лют;0.95;09.Лют;5
08.Лип;0.52;0.09;02.Тра;0.091;20;49;0.9976;Бер.34;0.86;10.Чер;7
11;0.2;0.48;2;0.343;6;18;0.9979;03.Бер;0.71;10.Тра;5
10.Кві;0.55;0.23;02.Лип;0.091;18;48;0.9994;Бер.22;0.64;10.Бер;6
06.Вер;0.36;0.25;02.Кві;0.098;5;16;0.9964;Бер.41;0.6;10.Січ;6
13.Бер;0.34;0.52;03.Лют;0.094;17;53;1.0014;03.Тра;0.81;09.Тра;6
10.Сер;0.5;0.46;02.Тра;0.073;5;27;1.0001;03.Тра;0.64;09.Тра;5
10.Чер;0.83;0.37;02.Чер;0.086;26;70;0.9981;Бер.16;0.52;09.Вер;5
07.Січ;0.63;0.06;2;0.083;8;29;0.99855;Бер.67;0.73;09.Чер;5
07.Лют;0.65;0.02;02.Бер;0.094;5;31;0.9993;Бер.67;0.8;09.Лип;5
06.Вер;0.67;0.06;02.Січ;0.08;8;33;0.99845;Бер.68;0.71;09.Чер;5
07.Тра;0.53;0.06;02.Чер;0.086;20;44;0.9965;Бер.38;0.59;10.Лип;6
11.Січ;0.18;0.48;01.Тра;0.068;7;15;0.9973;Бер.22;0.64;10.Січ;6
08.Бер;0.705;0.12;02.Чер;0.092;12;28;0.9994;Бер.51;0.72;10;5
07.Кві;0.67;0.12;01.Чер;0.186;5;21;0.996;Бер.39;0.54;09.Тра;5
08.Кві;0.65;0.6;02.Січ;0.112;12;90;0.9973;03.Лют;0.52;09.Лют;5
10.Бер;0.53;0.48;02.Тра;0.063;6;25;0.9998;03.Гру;0.59;09.Бер;6
07.Чер;0.62;0.32;02.Лют;0.082;7;54;0.9966;Бер.36;0.52;09.Кві;5
10.Бер;0.41;0.42;02.Кві;0.213;6;14;0.9994;Бер.19;0.62;09.Тра;6
10.Бер;0.43;0.44;02.Кві;0.214;5;12;0.9994;Бер.19;0.63;09.Тра;6
07.Кві;0.29;0.38;01.Лип;0.062;9;30;0.9968;Бер.41;0.53;09.Тра;6
10.Бер;0.53;0.48;02.Тра;0.063;6;25;0.9998;03.Гру;0.59;09.Бер;6
07.Вер;0.53;0.24;2;0.072;15;105;0.996;Бер.27;0.54;09.Кві;6
9;0.46;0.31;02.Сер;0.093;19;98;0.99815;Бер.32;0.63;09.Тра;6
08.Чер;0.47;0.3;3;0.076;30;135;0.9976;03.Бер;0.53;09.Кві;5
07.Кві;0.36;0.29;02.Чер;0.087;26;72;0.99645;Бер.39;0.68;11;5
07.Січ;0.35;0.29;02.Тра;0.096;20;53;0.9962;Бер.42;0.65;11;6
09.Чер;0.56;0.23;03.Кві;0.102;37;92;0.9996;03.Бер;0.65;10.Січ;5
09.Чер;0.77;0.12;02.Вер;0.082;30;74;0.99865;03.Бер;0.64;10.Кві;6
09.Сер;0.66;0.39;03.Лют;0.083;21;59;0.9989;Бер.37;0.71;11.Тра;7
09.Чер;0.77;0.12;02.Вер;0.082;30;74;0.99865;03.Бер;0.64;10.Кві;6
09.Сер;0.66;0.39;03.Лют;0.083;21;59;0.9989;Бер.37;0.71;11.Тра;7
09.Бер;0.61;0.26;03.Кві;0.09;25;87;0.99975;Бер.24;0.62;09.Лип;5
07.Сер;0.62;0.05;02.Бер;0.079;6;18;0.99735;Бер.29;0.63;09.Бер;5
10.Бер;0.59;0.42;02.Сер;0.09;35;73;0.999;Бер.28;0.7;09.Тра;6
10;0.49;0.2;11;0.071;13;50;1.0015;Бер.16;0.69;09.Лют;6
10;0.49;0.2;11;0.071;13;50;1.0015;Бер.16;0.69;09.Лют;6
11.Чер;0.53;0.66;Бер.65;0.121;6;14;0.9978;03.Тра;0.74;11.Тра;7
10.Бер;0.44;0.5;04.Тра;0.107;5;13;0.998;Бер.28;0.83;11.Тра;5
13.Кві;0.27;0.62;02.Чер;0.082;6;21;1.0002;Бер.16;0.67;09.Лип;6
10.Лип;0.46;0.39;2;0.061;7;15;0.9981;Бер.18;0.62;09.Тра;5
10.Лют;0.36;0.64;02.Вер;0.122;10;41;0.998;Бер.23;0.66;12.Тра;6
10.Лют;0.36;0.64;02.Вер;0.122;10;41;0.998;Бер.23;0.66;12.Тра;6
8;0.58;0.28;03.Лют;0.066;21;114;0.9973;Бер.22;0.54;09.Кві;6
08.Кві;0.56;0.08;02.Січ;0.105;16;44;0.9958;Бер.13;0.52;11;5
07.Вер;0.65;0.01;02.Тра;0.078;17;38;0.9963;Бер.34;0.74;11.Лип;7
11.Вер;0.695;0.53;03.Кві;0.128;7;21;0.9992;Бер.17;0.84;12.Лют;7
08.Вер;0.43;0.45;01.Вер;0.052;6;16;0.9948;Бер.35;0.7;12.Тра;6
07.Сер;0.43;0.32;02.Сер;0.08;29;58;0.9974;Бер.31;0.64;10.Бер;5
12.Кві;0.49;0.58;3;0.103;28;99;1.0008;Бер.16;1;11.Тра;6
12.Тра;0.28;0.54;02.Бер;0.082;12;29;0.9997;03.Лис;Січ.36;09.Сер;7
12.Лют;0.34;0.5;02.Кві;0.066;10;21;1;03.Гру;Січ.18;09.Лют;6
10.Чер;0.42;0.48;02.Лип;0.065;5;18;0.9972;Бер.21;0.87;11.Бер;6
10.Вер;0.39;0.47;01.Сер;0.118;6;14;0.9982;03.Бер;0.75;09.Сер;6
10.Вер;0.39;0.47;01.Сер;0.118;6;14;0.9982;03.Бер;0.75;09.Сер;6
11.Вер;0.57;0.5;02.Чер;0.082;6;32;1.0006;03.Гру;0.78;10.Лип;6
7;0.685;0;01.Вер;0.067;40;63;0.9979;03.Чер;0.81;09.Вер;5
06.Чер;0.815;0.02;02.Лип;0.072;17;34;0.9955;Бер.58;0.89;12.Бер;7
13.Сер;0.49;0.67;3;0.093;6;15;0.9986;03.Лют;0.93;12;6
09.Чер;0.56;0.31;02.Сер;0.089;15;46;0.9979;03.Лис;0.92;10;6
09.Січ;0.785;0;02.Чер;0.093;11;28;0.9994;Бер.36;0.86;09.Кві;6
10.Лип;0.67;0.22;02.Лип;0.107;17;34;1.0004;Бер.28;0.98;09.Вер;6
09.Січ;0.795;0;02.Чер;0.096;11;26;0.9994;Бер.35;0.83;09.Кві;6
07.Лип;0.665;0;02.Кві;0.09;8;19;0.9974;Бер.27;0.73;09.Бер;5
13.Тра;0.53;0.79;04.Сер;0.12;23;77;1.0018;Бер.18;0.77;13;5
06.Січ;0.21;0.4;01.Кві;0.066;40.5;165;0.9912;Бер.25;0.59;11.Вер;6
06.Лип;0.75;0.01;02.Кві;0.078;17;32;0.9955;Бер.55;0.61;12.Сер;6
11.Тра;0.41;0.52;3;0.08;29;55;1.0001;Бер.26;0.88;11;5
10.Тра;0.42;0.66;Лют.95;0.116;12;29;0.997;Бер.24;0.75;11.Лип;7
11.Вер;0.43;0.66;03.Січ;0.109;10;23;1;Бер.15;0.85;10.Кві;7
12.Чер;0.38;0.66;02.Чер;0.088;10;41;1.001;Бер.17;0.68;09.Сер;6
08.Лют;0.7;0.23;2;0.099;14;81;0.9973;Бер.19;0.7;09.Кві;5
08.Чер;0.45;0.31;02.Чер;0.086;21;50;0.9982;Бер.37;0.91;09.Вер;6
11.Вер;0.58;0.66;02.Тра;0.072;6;37;0.9992;03.Тра;0.56;10;5
12.Тра;0.46;0.63;2;0.071;6;15;0.9988;Лют.99;0.87;10.Лют;5
12.Сер;0.615;0.66;05.Сер;0.083;7;42;1.0022;03.Лип;0.73;10;7
10;0.42;0.5;03.Кві;0.107;7;21;0.9979;Бер.26;0.93;11.Сер;6
12.Сер;0.615;0.66;05.Сер;0.083;7;42;1.0022;03.Лип;0.73;10;7
10.Кві;0.575;0.61;02.Чер;0.076;11;24;1;Бер.16;0.69;9;5
10.Бер;0.34;0.52;02.Сер;0.159;15;75;0.9998;Бер.18;0.64;09.Кві;5
09.Кві;0.27;0.53;02.Кві;0.074;6;18;0.9962;03.Лют;Січ.13;12;7
06.Вер;0.765;0.02;02.Бер;0.063;35;63;0.9975;Бер.57;0.78;09.Вер;5
07.Вер;0.24;0.4;01.Чер;0.056;11;25;0.9967;Бер.32;0.87;08.Лип;6
09.Січ;0.28;0.48;01.Сер;0.067;26;46;0.9967;Бер.32;01.Кві;10.Чер;6
07.Кві;0.55;0.22;02.Лют;0.106;12;72;0.9959;03.Тра;0.63;09.Лют;5
14;0.41;0.63;03.Сер;0.089;6;47;1.0014;03.Січ;0.81;10.Сер;6
11.Тра;0.54;0.71;04.Кві;0.124;6;15;0.9984;03.Січ;0.83;11.Сер;7
11.Тра;0.45;0.5;3;0.078;19;47;1.0003;Бер.26;01.Лис;11;6
09.Кві;0.27;0.53;02.Кві;0.074;6;18;0.9962;03.Лют;Січ.13;12;7
11.Кві;0.625;0.66;06.Лют;0.088;6;24;0.9988;03.Лис;0.99;13.Бер;6
08.Бер;0.42;0.38;02.Тра;0.094;24;60;0.9979;Бер.31;0.7;10.Сер;6
08.Бер;0.26;0.42;2;0.08;11;27;0.9974;Бер.21;0.8;09.Кві;6
13.Лип;0.415;0.68;02.Вер;0.085;17;43;1.0014;03.Чер;0.8;10;6
08.Бер;0.26;0.42;2;0.08;11;27;0.9974;Бер.21;0.8;09.Кві;6
08.Бер;0.26;0.42;2;0.08;11;27;0.9974;Бер.21;0.8;09.Кві;6
07.Лип;0.51;0.28;02.Січ;0.087;23;54;0.998;Бер.42;0.74;09.Лют;5
07.Кві;0.63;0.07;02.Кві;0.09;11;37;0.9979;Бер.43;0.76;09.Лип;6
07.Сер;0.54;0.26;2;0.088;23;48;0.9981;Бер.41;0.74;09.Лют;6
08.Бер;0.66;0.15;01.Вер;0.079;17;42;0.9972;Бер.31;0.54;09.Чер;6
07.Сер;0.46;0.26;01.Вер;0.088;23;53;0.9981;Бер.43;0.74;09.Лют;6
09.Чер;0.38;0.31;02.Тра;0.096;16;49;0.9982;Бер.19;0.7;10;7
05.Чер;0.85;0.05;01.Кві;0.045;12;88;0.9924;Бер.56;0.82;12.Вер;8
13.Лип;0.415;0.68;02.Вер;0.085;17;43;1.0014;03.Чер;0.8;10;6
09.Тра;0.37;0.52;2;0.082;6;26;0.998;Бер.18;0.51;09.Тра;5
08.Кві;0.665;0.61;2;0.112;13;95;0.997;Бер.16;0.54;09.Січ;5
12.Лип;0.6;0.65;02.Бер;0.063;6;25;0.9997;03.Бер;0.57;09.Вер;5
12;0.37;0.76;04.Лют;0.066;7;38;1.0004;Бер.22;0.6;13;7
06.Чер;0.735;0.02;07.Вер;0.122;68;124;0.9994;Бер.47;0.53;09.Вер;5
11.Тра;0.59;0.59;02.Чер;0.087;13;49;0.9988;Бер.18;0.65;11;6
11.Тра;0.59;0.59;02.Чер;0.087;13;49;0.9988;Бер.18;0.65;11;6
08.Лип;0.765;0.22;02.Бер;0.064;9;42;0.9963;03.Січ;0.55;09.Кві;5
06.Чер;0.735;0.02;07.Вер;0.122;68;124;0.9994;Бер.47;0.53;09.Вер;5
07.Лип;0.26;0.3;01.Лип;0.059;20;38;0.9949;Бер.29;0.47;10.Сер;6
12.Лют;0.48;0.54;02.Чер;0.085;19;64;1;03.Січ;0.61;10.Тра;6
11.Кві;0.6;0.49;02.Лип;0.085;10;41;0.9994;Бер.15;0.63;10.Тра;6
07.Лип;0.69;0.05;02.Лип;0.075;15;27;0.9974;Бер.26;0.61;09.Січ;5
08.Лип;0.31;0.46;01.Кві;0.059;11;25;0.9966;Бер.36;0.76;10.Січ;6
09.Сер;0.44;0.47;02.Тра;0.063;9;28;0.9981;Бер.24;0.65;10.Сер;6
12;0.39;0.66;3;0.093;12;30;0.9996;Бер.18;0.63;10.Сер;7
10.Кві;0.34;0.58;03.Лип;0.174;6;16;0.997;Бер.19;0.7;11.Бер;6
12.Тра;0.46;0.49;04.Тра;0.07;26;49;0.9981;03.Тра;0.57;09.Чер;4
9;0.43;0.34;02.Тра;0.08;26;86;0.9987;Бер.38;0.62;09.Тра;6
09.Січ;0.45;0.35;02.Кві;0.08;23;78;0.9987;Бер.38;0.62;09.Тра;5
07.Січ;0.735;0.16;01.Вер;0.1;15;77;0.9966;Бер.27;0.64;09.Бер;5
09.Вер;0.4;0.53;06.Лип;0.097;6;19;0.9986;Бер.27;0.82;11.Лип;7
08.Сер;0.52;0.34;02.Лип;0.087;24;122;0.9982;Бер.26;0.61;09.Тра;5
08.Чер;0.725;0.24;06.Чер;0.117;31;134;1.0014;Бер.32;01.Лип;09.Бер;5
10.Чер;0.48;0.64;02.Лют;0.111;6;20;0.997;Бер.26;0.66;11.Лип;6
7;0.58;0.12;01.Вер;0.091;34;124;0.9956;Бер.44;0.48;10.Тра;5
11.Вер;0.38;0.51;2;0.121;7;20;0.9996;Бер.24;0.76;10.Кві;6
06.Сер;0.77;0;01.Сер;0.066;34;52;0.9976;Бер.62;0.68;09.Вер;5
09.Тра;0.56;0.33;02.Кві;0.089;35;67;0.9972;Бер.28;0.73;11.Сер;7
06.Чер;0.84;0.03;02.Бер;0.059;32;48;0.9952;Бер.52;0.56;12.Бер;7
07.Лип;0.96;0.2;2;0.047;15;60;0.9955;Бер.36;0.44;10.Вер;5
10.Тра;0.24;0.47;02.Січ;0.066;6;24;0.9978;Бер.15;0.9;11;7
07.Лип;0.96;0.2;2;0.047;15;60;0.9955;Бер.36;0.44;10.Вер;5
06.Чер;0.84;0.03;02.Бер;0.059;32;48;0.9952;Бер.52;0.56;12.Бер;7
06.Кві;0.67;0.08;02.Січ;0.045;19;48;0.9949;Бер.49;0.49;11.Кві;6
09.Тра;0.78;0.22;01.Вер;0.077;6;32;0.9988;Бер.26;0.56;10.Чер;6
09.Січ;0.52;0.33;01.Бер;0.07;9;30;0.9978;Бер.24;0.6;09.Бер;5
12.Сер;0.84;0.63;02.Кві;0.088;13;35;0.9997;03.Січ;0.6;10.Кві;6
10.Тра;0.24;0.47;02.Січ;0.066;6;24;0.9978;Бер.15;0.9;11;7
07.Сер;0.55;0.35;02.Лют;0.074;21;66;0.9974;Бер.25;0.56;09.Лют;5
11.Вер;0.37;0.69;02.Бер;0.078;12;24;0.9958;3;0.65;12.Сер;6
12.Бер;0.39;0.63;02.Бер;0.091;6;18;1.0004;Бер.16;0.49;09.Тра;5
10.Кві;0.41;0.55;03.Лют;0.076;22;54;0.9996;Бер.15;0.89;09.Вер;6
12.Бер;0.39;0.63;02.Бер;0.091;6;18;1.0004;Бер.16;0.49;09.Тра;5
8;0.67;0.3;2;0.06;38;62;0.9958;Бер.26;0.56;10.Лют;6
11.Січ;0.45;0.73;03.Лют;0.066;6;22;0.9986;Бер.17;0.66;11.Лют;6
10.Кві;0.41;0.55;03.Лют;0.076;22;54;0.9996;Бер.15;0.89;09.Вер;6
7;0.62;0.18;01.Тра;0.062;7;50;0.9951;03.Сер;0.6;09.Бер;5
12.Чер;0.31;0.72;02.Лют;0.072;6;29;0.9987;Лют.88;0.82;09.Сер;8
11.Вер;0.4;0.65;Лют.15;0.068;7;27;0.9988;03.Чер;0.68;11.Бер;6
15.Чер;0.685;0.76;03.Лип;0.1;6;43;1.0032;Лют.95;0.68;11.Лют;7
10;0.44;0.49;02.Лип;0.077;11;19;0.9963;Бер.23;0.63;11.Чер;7
05.Бер;0.57;0.01;01.Лип;0.054;5;27;0.9934;Бер.57;0.84;12.Тра;7
09.Тра;0.735;0.1;02.Січ;0.079;6;31;0.9986;Бер.23;0.56;10.Січ;6
12.Тра;0.38;0.6;02.Чер;0.081;31;72;0.9996;03.Січ;0.73;10.Тра;5
09.Бер;0.48;0.29;02.Січ;0.127;6;16;0.9968;Бер.22;0.72;11.Лют;5
08.Чер;0.53;0.22;2;0.1;7;27;0.9967;03.Лют;0.56;10.Лют;6
11.Вер;0.39;0.69;02.Сер;0.095;17;35;0.9994;03.Січ;0.61;10.Сер;6
11.Вер;0.39;0.69;02.Сер;0.095;17;35;0.9994;03.Січ;0.61;10.Сер;6
08.Кві;0.37;0.53;01.Сер;0.413;9;26;0.9979;03.Чер;01.Чер;09.Січ;6
06.Сер;0.56;0.03;01.Лип;0.084;18;35;0.9968;Бер.44;0.63;10;6
10.Кві;0.33;0.63;02.Сер;0.084;5;22;0.9998;Бер.26;0.74;11.Лют;7
7;0.23;0.4;01.Чер;0.063;21;67;0.9952;03.Тра;0.63;11.Січ;5
11.Бер;0.62;0.67;05.Лют;0.086;6;19;0.9988;Бер.22;0.69;13.Кві;8
08.Вер;0.59;0.39;02.Бер;0.095;5;22;0.9986;Бер.37;0.58;10.Бер;5
09.Лют;0.63;0.21;02.Лип;0.097;29;65;0.9988;Бер.28;0.58;09.Чер;5
10.Кві;0.33;0.63;02.Сер;0.084;5;22;0.9998;Бер.26;0.74;11.Лют;7
11.Чер;0.58;0.66;02.Лют;0.074;10;47;1.0008;Бер.25;0.57;9;3
09.Лют;0.43;0.52;02.Бер;0.083;14;23;0.9976;Бер.35;0.61;11.Бер;6
08.Бер;0.615;0.22;02.Чер;0.087;6;19;0.9982;Бер.26;0.61;09.Бер;5
11;0.26;0.68;Лют.55;0.085;10;25;0.997;Бер.18;0.61;11.Сер;5
08.Січ;0.66;0.7;02.Лют;0.098;25;129;0.9972;03.Сер;0.53;9;5
11.Тра;0.315;0.54;02.Січ;0.084;5;15;0.9987;Лют.98;0.7;09.Лют;6
10;0.29;0.4;02.Вер;0.098;10;26;1.0006;Бер.48;0.91;09.Лип;5
10.Бер;0.5;0.42;2;0.069;21;51;0.9982;Бер.16;0.72;11.Тра;6
08.Сер;0.46;0.45;02.Чер;0.065;7;18;0.9947;Бер.32;0.79;14;6
11.Кві;0.36;0.69;02.Січ;0.09;6;21;1;Бер.17;0.62;09.Лют;6
08.Лип;0.82;0.02;01.Лют;0.07;36;48;0.9952;03.Лют;0.58;09.Сер;5
13;0.32;0.65;02.Чер;0.093;15;47;0.9996;03.Тра;0.61;10.Чер;5
09.Чер;0.54;0.42;02.Кві;0.081;25;52;0.997;03.Лют;0.71;11.Кві;6
12.Тра;0.37;0.55;02.Чер;0.083;25;68;0.9995;Бер.15;0.82;10.Кві;6
09.Вер;0.35;0.55;02.Січ;0.062;5;14;0.9971;Бер.26;0.79;10.Чер;5
10.Тра;0.28;0.51;01.Лип;0.08;10;24;0.9982;03.Лют;0.89;09.Кві;6
09.Чер;0.68;0.24;02.Лют;0.087;5;28;0.9988;Бер.14;0.6;10.Лют;5
09.Бер;0.27;0.41;2;0.091;6;16;0.998;Бер.28;0.7;09.Лип;5
10.Кві;0.24;0.49;01.Сер;0.075;6;20;0.9977;Бер.18;01.Чер;11;6
09.Чер;0.68;0.24;02.Лют;0.087;5;28;0.9988;Бер.14;0.6;10.Лют;5
09.Кві;0.685;0.11;02.Лип;0.077;6;31;0.9984;Бер.19;0.7;10.Січ;6
10.Чер;0.28;0.39;15.Тра;0.069;6;23;1.0026;03.Гру;0.66;09.Лют;5
09.Кві;0.3;0.56;02.Сер;0.08;6;17;0.9964;Бер.15;0.92;11.Лип;8
10.Чер;0.36;0.59;02.Лют;0.152;6;18;0.9986;03.Кві;01.Тра;09.Кві;5
10.Чер;0.36;0.6;02.Лют;0.152;7;18;0.9986;03.Кві;01.Чер;09.Кві;5
10.Чер;0.44;0.68;04.Січ;0.114;6;24;0.997;03.Чер;0.66;13.Кві;6
10.Лют;0.67;0.39;01.Вер;0.054;6;17;0.9976;Бер.17;0.47;10;5
10.Лют;0.67;0.39;01.Вер;0.054;6;17;0.9976;Бер.17;0.47;10;5
10.Лют;0.645;0.36;01.Сер;0.053;5;14;0.9982;Бер.17;0.42;10;6
11.Чер;0.32;0.55;02.Сер;0.081;35;67;1.0002;Бер.32;0.92;10.Сер;7
09.Бер;0.39;0.4;02.Чер;0.073;10;26;0.9984;Бер.34;0.75;10.Лют;6
09.Бер;0.775;0.27;02.Сер;0.078;24;56;0.9984;Бер.31;0.67;10.Чер;6
09.Лют;0.41;0.5;02.Тра;0.055;12;25;0.9952;Бер.34;0.79;13.Бер;7
08.Вер;0.4;0.51;02.Чер;0.052;13;27;0.995;Бер.32;0.9;13.Кві;7
08.Лип;0.69;0.31;3;0.086;23;81;1.0002;Бер.48;0.74;11.Чер;6
06.Тра;0.39;0.23;08.Бер;0.051;28;91;0.9952;Бер.44;0.55;12.Січ;6
10.Лип;0.35;0.53;02.Чер;0.07;5;16;0.9972;Бер.15;0.65;11;8
07.Сер;0.52;0.25;01.Вер;0.081;14;38;0.9984;Бер.43;0.65;9;6
07.Лют;0.34;0.32;02.Тра;0.09;43;113;0.9966;Бер.32;0.79;11.Січ;5
10.Лип;0.35;0.53;02.Чер;0.07;5;16;0.9972;Бер.15;0.65;11;8
08.Лип;0.69;0.31;3;0.086;23;81;1.0002;Бер.48;0.74;11.Чер;6
07.Сер;0.52;0.25;01.Вер;0.081;14;38;0.9984;Бер.43;0.65;9;6
10.Кві;0.44;0.73;Чер.55;0.074;38;76;0.999;Бер.17;0.85;12;7
10.Кві;0.44;0.73;Чер.55;0.074;38;76;0.999;Бер.17;0.85;12;7
10.Тра;0.26;0.47;01.Вер;0.078;6;24;0.9976;Бер.18;01.Кві;10.Вер;7
10.Тра;0.24;0.42;01.Сер;0.077;6;22;0.9976;Бер.21;01.Тра;10.Сер;7
10.Лют;0.49;0.63;02.Вер;0.072;10;26;0.9968;Бер.16;0.78;12.Тра;7
10.Кві;0.24;0.46;01.Сер;0.075;6;21;0.9976;Бер.25;01.Лют;10.Сер;7
11.Лют;0.67;0.55;02.Бер;0.084;6;13;1;Бер.17;0.71;09.Тра;6
10;0.59;0.31;02.Лют;0.09;26;62;0.9994;Бер.18;0.63;10.Лют;6
13.Бер;0.29;0.75;02.Сер;0.084;23;43;0.9986;03.Кві;0.68;11.Кві;7
12.Кві;0.42;0.49;04.Чер;0.073;19;43;0.9978;03.Лют;0.61;09.Тра;5
10;0.59;0.31;02.Лют;0.09;26;62;0.9994;Бер.18;0.63;10.Лют;6
10.Лип;0.4;0.48;02.Січ;0.125;15;49;0.998;03.Бер;0.81;09.Лип;6
10.Тра;0.51;0.64;02.Кві;0.107;6;15;0.9973;03.Вер;0.66;11.Сер;7
10.Тра;0.51;0.64;02.Кві;0.107;6;15;0.9973;03.Вер;0.66;11.Сер;7
08.Тра;0.655;0.49;06.Січ;0.122;34;151;1.001;Бер.31;Січ.14;09.Бер;5
12.Тра;0.6;0.49;04.Бер;0.1;5;14;1.001;Бер.25;0.74;11.Вер;6
10.Кві;0.61;0.49;02.Січ;0.2;5;16;0.9994;Бер.16;0.63;08.Кві;3
10.Вер;0.21;0.49;02.Сер;0.088;11;32;0.9972;Бер.22;0.68;11.Лип;6
07.Бер;0.365;0.49;02.Тра;0.088;39;106;0.9966;Бер.36;0.78;11;5
09.Сер;0.25;0.49;02.Лип;0.088;15;33;0.9982;Бер.42;0.9;10;6
07.Чер;0.41;0.49;2;0.088;16;43;0.998;Бер.48;0.64;09.Січ;5
08.Лют;0.39;0.49;02.Бер;0.099;47;133;0.9979;Бер.38;0.99;09.Сер;5
09.Бер;0.4;0.49;02.Тра;0.085;38;142;0.9978;Бер.22;0.55;09.Кві;5
09.Лют;0.43;0.49;02.Кві;0.086;23;116;0.9976;Бер.23;0.64;09.Тра;5
10.Кві;0.64;0.24;02.Сер;0.105;29;53;0.9998;Бер.24;0.67;09.Вер;5
07.Бер;0.365;0.49;02.Тра;0.088;39;106;0.9966;Бер.36;0.78;11;5
7;0.38;0.49;02.Тра;0.097;33;85;0.9962;Бер.39;0.77;11.Кві;6
08.Лют;0.42;0.49;02.Чер;0.084;32;55;0.9988;Бер.34;0.75;08.Лип;6
09.Вер;0.63;0.24;02.Кві;0.077;6;33;0.9974;03.Вер;0.57;09.Кві;5
09.Січ;0.22;0.24;02.Січ;0.078;1;28;0.999;Бер.41;0.87;10.Бер;6
11.Вер;0.38;0.49;02.Лип;0.098;12;42;1.0004;Бер.16;0.61;10.Бер;5
11.Вер;0.38;0.49;02.Лип;0.098;12;42;1.0004;Бер.16;0.61;10.Бер;5
10.Бер;0.27;0.24;02.Січ;0.072;15;33;0.9956;Бер.22;0.66;12.Сер;6
10;0.48;0.24;02.Лип;0.102;13;32;1;Бер.28;0.56;10;6
09.Січ;0.22;0.24;02.Січ;0.078;1;28;0.999;Бер.41;0.87;10.Бер;6
09.Вер;0.63;0.24;02.Кві;0.077;6;33;0.9974;03.Вер;0.57;09.Кві;5
08.Січ;0.825;0.24;02.Січ;0.084;5;13;0.9972;Бер.37;0.77;10.Лип;6
12.Вер;0.35;0.49;05.Сер;0.066;5;35;1.0014;03.Лют;0.66;12;7
11.Лют;0.5;0.74;Тра.15;0.1;5;17;0.9996;Бер.22;0.62;11.Лют;5
09.Лют;0.59;0.24;03.Бер;0.101;20;47;0.9988;Бер.26;0.67;09.Чер;5
09.Тра;0.46;0.49;06.Бер;0.064;5;17;0.9988;Бер.21;0.73;11;6
09.Бер;0.715;0.24;02.Січ;0.07;5;20;0.9966;03.Гру;0.59;09.Вер;5
11.Лют;0.66;0.24;02.Тра;0.085;16;53;0.9993;03.Чер;0.72;11;6
14.Бер;0.31;0.74;01.Сер;0.075;6;15;1.0008;Лют.86;0.79;08.Кві;6
09.Січ;0.47;0.49;02.Чер;0.094;38;106;0.9982;03.Сер;0.59;09.Січ;5
07.Тра;0.55;0.24;2;0.078;10;28;0.9983;Бер.45;0.78;09.Тра;6
10.Чер;0.31;0.49;02.Тра;0.067;6;21;0.9987;Бер.26;0.86;10.Лип;6
12.Кві;0.35;0.49;02.Чер;0.079;27;69;0.9994;03.Гру;0.75;10.Кві;6
9;0.53;0.49;01.Вер;0.171;6;25;0.9975;Бер.27;0.61;09.Кві;6
06.Сер;0.51;0.01;02.Січ;0.074;9;25;0.9958;Бер.33;0.56;09.Тра;6
09.Кві;0.43;0.24;02.Сер;0.092;14;45;0.998;Бер.19;0.73;10;6
09.Тра;0.46;0.24;02.Лип;0.092;14;44;0.998;03.Гру;0.74;10;6
5;01.Кві;0.24;01.Чер;0.05;32;96;0.9934;Бер.74;0.62;11.Тра;5
15.Тра;0.645;0.49;04.Лют;0.095;10;23;1.00315;Лют.92;0.74;11.Січ;5
15.Тра;0.645;0.49;04.Лют;0.095;10;23;1.00315;Лют.92;0.74;11.Січ;5
10.Вер;0.53;0.49;04.Чер;0.118;10;17;1.0002;03.Лип;0.56;11.Лип;6
15.Чер;0.645;0.49;04.Лют;0.095;10;23;1.00315;Лют.92;0.74;11.Січ;5
10.Вер;0.53;0.49;04.Чер;0.118;10;17;1.0002;03.Лип;0.56;11.Лип;6
13;0.47;0.49;04.Бер;0.085;6;47;1.0021;03.Бер;0.68;12.Лип;6
12.Лип;0.6;0.49;02.Сер;0.075;5;19;0.9994;Бер.14;0.57;11.Кві;5
9;0.44;0.49;02.Кві;0.078;26;121;0.9978;Бер.23;0.58;09.Лют;5
9;0.54;0.49;02.Вер;0.094;41;110;0.9982;03.Сер;0.61;09.Лют;5
07.Чер;0.29;0.49;02.Лип;0.092;25;60;0.9971;Бер.31;0.61;10.Січ;6
13;0.47;0.49;04.Бер;0.085;6;47;1.0021;03.Бер;0.68;12.Лип;6
12.Лип;0.6;0.49;02.Сер;0.075;5;19;0.9994;Бер.14;0.57;11.Кві;5
08.Лип;0.7;0.24;02.Тра;0.226;5;15;0.9991;Бер.32;0.6;9;6
08.Лип;0.7;0.24;02.Тра;0.226;5;15;0.9991;Бер.32;0.6;9;6
09.Сер;0.5;0.49;02.Чер;0.25;5;20;0.999;Бер.31;0.79;10.Лип;6
06.Лют;0.36;0.24;02.Лют;0.095;19;42;0.9946;Бер.57;0.57;11.Лип;6
11.Тра;0.35;0.49;03.Бер;0.07;10;37;1.0003;Бер.32;0.91;11;6
06.Лют;0.36;0.24;02.Лют;0.095;19;42;0.9946;Бер.57;0.57;11.Лип;6
10.Лют;0.24;0.49;02.Кві;0.075;10;28;0.9978;Бер.14;0.61;10.Кві;5
10.Тра;0.59;0.49;02.Січ;0.07;14;47;0.9991;03.Бер;0.56;09.Чер;4
10.Чер;0.34;0.49;03.Лют;0.078;20;78;0.9992;Бер.19;0.7;10;6
12.Бер;0.27;0.49;03.Січ;0.079;28;46;0.9993;03.Лют;0.8;10.Лют;6
09.Вер;0.5;0.24;02.Бер;0.103;6;14;0.9978;Бер.34;0.52;10;4
08.Сер;0.44;0.49;02.Сер;0.083;18;111;0.9982;03.Бер;0.6;09.Тра;5
08.Сер;0.47;0.49;02.Вер;0.085;17;110;0.9982;Бер.29;0.6;09.Сер;5
10.Чер;0.31;0.49;02.Лют;0.063;18;40;0.9976;Бер.14;0.51;09.Сер;6
12.Бер;0.5;0.49;02.Лют;0.089;5;14;1.0002;Бер.19;0.44;09.Чер;5
12.Бер;0.5;0.49;02.Лют;0.089;5;14;1.0002;Бер.19;0.44;09.Чер;5
11.Лип;0.49;0.49;02.Лют;0.083;5;15;1;Бер.19;0.43;09.Лют;5
12;0.28;0.49;01.Вер;0.074;10;21;0.9976;Лют.98;0.66;09.Вер;7
11.Сер;0.33;0.49;03.Кві;0.093;54;80;1.0002;03.Бер;0.76;10.Лип;7
07.Чер;0.51;0.24;02.Кві;0.091;8;38;0.998;Бер.47;0.66;09.Чер;6
11.Січ;0.31;0.49;02.Лип;0.094;16;47;0.9986;03.Гру;01.Лют;10.Чер;7
07.Бер;0.73;0.24;01.Вер;0.108;18;102;0.9967;Бер.26;0.59;09.Бер;5
5;0.42;0.24;2;0.06;19;50;0.9917;Бер.72;0.74;14;8
10.Лют;0.29;0.49;02.Чер;0.059;5;13;0.9976;03.Тра;0.74;10.Тра;7
9;0.45;0.49;02.Чер;0.084;21;75;0.9987;Бер.35;0.57;09.Лип;5
06.Чер;0.39;0.49;01.Лип;0.07;23;149;0.9922;03.Гру;0.5;11.Тра;6
9;0.45;0.49;02.Чер;0.084;21;75;0.9987;Бер.35;0.57;09.Лип;5
09.Вер;0.49;0.58;03.Тра;0.094;9;43;1.0004;Бер.29;0.58;9;5
07.Вер;0.72;0.17;02.Чер;0.096;20;38;0.9978;03.Кві;0.53;09.Тра;5
08.Вер;0.595;0.41;07.Вер;0.086;30;109;0.9998;Бер.27;0.57;09.Бер;5
12.Кві;0.4;0.51;2;0.059;6;24;0.9994;03.Кві;0.6;09.Бер;6
11.Вер;0.58;0.58;01.Вер;0.071;5;18;0.998;03.Вер;0.63;10;6
08.Тра;0.585;0.18;02.Січ;0.078;5;30;0.9967;03.Лют;0.48;09.Сер;6
12.Лип;0.59;0.45;02.Бер;0.082;11;22;1;3;0.7;09.Бер;6
08.Лют;0.915;0.27;02.Січ;0.088;7;23;0.9962;Бер.26;0.47;10;4
13.Лют;0.46;0.52;02.Лют;0.071;12;35;1.0006;03.Січ;0.56;9;6
07.Лип;0.835;0;02.Чер;0.081;6;14;0.9975;03.Бер;0.52;09.Бер;5
13.Лют;0.46;0.52;02.Лют;0.071;12;35;1.0006;03.Січ;0.56;9;6
08.Бер;0.58;0.13;02.Вер;0.096;14;63;0.9984;Бер.17;0.62;09.Січ;6
08.Бер;0.6;0.13;02.Чер;0.085;6;24;0.9984;Бер.31;0.59;09.Лют;6
09.Кві;0.41;0.48;04.Чер;0.072;10;20;0.9973;Бер.34;0.79;12.Лют;7
08.Сер;0.48;0.41;03.Бер;0.092;26;52;0.9982;Бер.31;0.53;10.Тра;6
10.Січ;0.65;0.37;05.Січ;0.11;11;65;1.0026;Бер.32;0.64;10.Кві;6
06.Бер;0.36;0.19;03.Лют;0.075;15;39;0.9956;Бер.56;0.52;12.Лип;6
08.Сер;0.24;0.54;02.Тра;0.083;25;57;0.9983;Бер.39;0.54;09.Лют;5
13.Лют;0.38;0.55;02.Лип;0.081;5;16;1.0006;Лют.98;0.54;09.Кві;5
07.Тра;0.64;0;02.Кві;0.077;18;29;0.9965;Бер.32;0.6;10;6
08.Лют;0.39;0.38;01.Тра;0.058;10;29;0.9962;Бер.26;0.74;09.Сер;5
09.Лют;0.755;0.18;02.Лют;0.148;10;103;0.9969;Лют.87;Січ.36;10.Лют;6
09.Чер;0.6;0.5;02.Бер;0.079;28;71;0.9997;03.Тра;0.57;09.Лип;5
09.Чер;0.6;0.5;02.Бер;0.079;28;71;0.9997;03.Тра;0.57;09.Лип;5
11.Тра;0.31;0.51;02.Лют;0.079;14;28;0.9982;03.Бер;0.93;09.Сер;6
11.Кві;0.46;0.5;02.Лип;0.122;4;17;1.0006;Бер.13;0.7;10.Лют;5
11.Бер;0.37;0.41;02.Бер;0.088;6;16;0.9988;03.Вер;0.8;09.Бер;5
08.Бер;0.54;0.24;03.Кві;0.076;16;112;0.9976;Бер.27;0.61;09.Кві;5
08.Лют;0.56;0.23;03.Кві;0.078;14;104;0.9976;Бер.28;0.62;09.Кві;5
10;0.58;0.22;01.Вер;0.08;9;32;0.9974;Бер.13;0.55;09.Тра;5
07.Вер;0.51;0.25;02.Вер;0.077;21;45;0.9974;Бер.49;0.96;12.Січ;6
06.Сер;0.69;0;05.Чер;0.124;21;58;0.9997;Бер.46;0.72;10.Лют;5
06.Сер;0.69;0;05.Чер;0.124;21;58;0.9997;Бер.46;0.72;10.Лют;5
08.Сер;0.6;0.29;02.Лют;0.098;5;15;0.9988;Бер.36;0.49;09.Січ;5
08.Сер;0.6;0.29;02.Лют;0.098;5;15;0.9988;Бер.36;0.49;09.Січ;5
08.Лип;0.54;0.26;02.Тра;0.097;7;31;0.9976;Бер.27;0.6;09.Бер;6
07.Чер;0.685;0.23;02.Бер;0.111;20;84;0.9964;Бер.21;0.61;09.Бер;5
08.Лип;0.54;0.26;02.Тра;0.097;7;31;0.9976;Бер.27;0.6;09.Бер;6
10.Кві;0.28;0.54;02.Лип;0.105;5;19;0.9988;Бер.25;0.63;09.Тра;5
07.Чер;0.41;0.14;3;0.087;21;43;0.9964;Бер.32;0.57;10.Тра;6
10.Січ;0.935;0.22;03.Кві;0.105;11;86;1.001;Бер.43;0.64;11.Бер;4
07.Вер;0.35;0.21;01.Вер;0.073;46;102;0.9964;Бер.27;0.58;09.Тра;5
08.Лип;0.84;0;01.Кві;0.065;24;33;0.9954;Бер.27;0.55;09.Лип;5
09.Чер;0.88;0.28;02.Кві;0.086;30;147;0.9979;Бер.24;0.53;09.Кві;5
09.Тра;0.885;0.27;02.Бер;0.084;31;145;0.9978;Бер.24;0.53;09.Кві;5
07.Лип;0.915;0.12;02.Лют;0.143;7;23;0.9964;Бер.35;0.65;10.Лют;7
08.Вер;0.29;0.35;01.Вер;0.067;25;57;0.997;Бер.18;Січ.36;10.Бер;6
09.Вер;0.54;0.45;02.Бер;0.071;16;40;0.9991;Бер.39;0.62;09.Кві;5
09.Тра;0.59;0.44;02.Бер;0.071;21;68;0.9992;Бер.46;0.63;09.Тра;5
09.Вер;0.54;0.45;02.Бер;0.071;16;40;0.9991;Бер.39;0.62;09.Кві;5
09.Тра;0.59;0.44;02.Бер;0.071;21;68;0.9992;Бер.46;0.63;09.Тра;5
09.Вер;0.54;0.45;02.Бер;0.071;16;40;0.9991;Бер.39;0.62;09.Кві;5
07.Сер;0.64;0.1;6;0.115;5;11;0.9984;Бер.37;0.69;10.Січ;7
07.Бер;0.67;0.05;03.Чер;0.107;6;20;0.9972;03.Кві;0.63;10.Січ;5
08.Бер;0.845;0.01;02.Лют;0.07;5;14;0.9967;Бер.32;0.58;11;4
08.Лип;0.48;0.3;02.Сер;0.066;10;28;0.9964;Бер.33;0.67;11.Лют;7
06.Лип;0.42;0.27;08.Чер;0.068;24;148;0.9948;Бер.16;0.57;11.Бер;6
10.Лип;0.43;0.39;02.Лют;0.106;8;32;0.9986;Лют.89;0.5;09.Чер;5
09.Сер;0.88;0.25;02.Тра;0.104;35;155;1.001;Бер.41;0.67;11.Лют;5
15.Вер;0.36;0.65;07.Тра;0.096;22;71;0.9976;Лют.98;0.84;14.Вер;5
09.Кві;0.33;0.59;02.Сер;0.079;9;30;0.9976;03.Гру;0.54;12;6
08.Чер;0.47;0.47;02.Кві;0.074;7;29;0.9979;03.Сер;0.46;09.Тра;5
09.Лип;0.55;0.17;02.Вер;0.087;20;53;1.0004;Бер.14;0.61;09.Кві;5
10.Лип;0.43;0.39;02.Лют;0.106;8;32;0.9986;Лют.89;0.5;09.Чер;5
12;0.5;0.59;01.Кві;0.073;23;42;0.998;Лют.92;0.68;10.Тра;7
07.Лют;0.52;0.07;01.Кві;0.074;5;20;0.9973;Бер.32;0.81;09.Чер;6
07.Січ;0.84;0.02;04.Кві;0.096;5;13;0.997;Бер.41;0.57;11;4
07.Лют;0.52;0.07;01.Кві;0.074;5;20;0.9973;Бер.32;0.81;09.Чер;6
07.Тра;0.42;0.31;01.Чер;0.08;15;42;0.9978;Бер.31;0.64;9;5
07.Лют;0.57;0.06;01.Чер;0.076;9;27;0.9972;Бер.36;0.7;09.Чер;6
10.Січ;0.28;0.46;01.Сер;0.05;5;13;0.9974;03.Кві;0.79;10.Лют;6
12.Січ;0.4;0.52;2;0.092;15;54;1;03.Бер;0.66;10.Лют;5
09.Кві;0.59;0.14;2;0.084;25;48;0.9981;Бер.14;0.56;09.Лип;5
08.Бер;0.49;0.36;01.Сер;0.222;6;16;0.998;Бер.18;0.6;09.Тра;6
11.Бер;0.34;0.45;2;0.082;6;15;0.9988;Лют.94;0.66;09.Лют;6
10;0.73;0.43;02.Бер;0.059;15;31;0.9966;Бер.15;0.57;11;5
11.Бер;0.34;0.45;2;0.082;6;15;0.9988;Лют.94;0.66;09.Лют;6
06.Вер;0.4;0.24;02.Тра;0.083;30;45;0.9959;Бер.26;0.58;10;5
08.Лют;0.73;0.21;01.Лип;0.074;5;13;0.9968;03.Лют;0.52;09.Тра;5
09.Сер;Січ.24;0.34;2;0.079;32;151;0.998;Бер.15;0.53;09.Тра;5
08.Лют;0.73;0.21;01.Лип;0.074;5;13;0.9968;03.Лют;0.52;09.Тра;5
10.Сер;0.4;0.41;02.Лют;0.084;7;17;0.9984;03.Сер;0.67;09.Бер;6
09.Бер;0.41;0.39;02.Лют;0.064;12;31;0.9984;Бер.26;0.65;10.Лют;5
10.Сер;0.4;0.41;02.Лют;0.084;7;17;0.9984;03.Сер;0.67;09.Бер;6
08.Чер;0.8;0.11;02.Бер;0.084;12;31;0.9979;03.Кві;0.48;09.Вер;5
08.Бер;0.78;0.1;02.Чер;0.081;45;87;0.9983;Бер.48;0.53;10;5
10.Сер;0.26;0.45;03.Бер;0.06;20;49;0.9972;Бер.13;0.54;09.Чер;5
13.Бер;0.43;0.58;01.Вер;0.07;15;40;1.0004;03.Чер;0.49;9;5
8;0.45;0.23;02.Лют;0.094;16;29;0.9962;Бер.21;0.49;10.Лют;6
08.Тра;0.46;0.31;Лют.25;0.078;32;58;0.998;Бер.33;0.54;09.Сер;5
08.Січ;0.78;0.23;02.Чер;0.059;5;15;0.997;Бер.37;0.56;11.Бер;5
09.Сер;0.98;0.32;02.Бер;0.078;35;152;0.998;Бер.25;0.48;09.Кві;5
08.Січ;0.78;0.23;02.Чер;0.059;5;15;0.997;Бер.37;0.56;11.Бер;5
07.Січ;0.65;0.18;01.Сер;0.07;13;40;0.997;Бер.44;0.6;09.Січ;5
09.Січ;0.64;0.23;03.Січ;0.095;13;38;0.9998;Бер.28;0.59;09.Лип;5
07.Лип;0.66;0.04;01.Чер;0.039;4;9;0.9962;03.Кві;0.47;09.Кві;5
08.Січ;0.38;0.48;01.Сер;0.157;5;17;0.9976;03.Бер;01.Тра;09.Кві;5
07.Кві;1.185;0;Кві.25;0.097;5;14;0.9966;Бер.63;0.54;10.Лип;3
09.Лют;0.92;0.24;02.Чер;0.087;12;93;0.9998;Бер.48;0.54;09.Сер;5
08.Чер;0.49;0.51;2;0.422;16;62;0.9979;03.Бер;Січ.17;9;5
9;0.48;0.32;02.Сер;0.084;21;122;0.9984;Бер.32;0.62;09.Кві;5
9;0.47;0.31;02.Лип;0.084;24;125;0.9984;Бер.31;0.61;09.Кві;5
05.Січ;0.47;0.02;01.Бер;0.034;18;44;0.9921;03.Вер;0.62;12.Сер;6
7;0.65;0.02;02.Січ;0.066;8;25;0.9972;Бер.47;0.67;09.Тра;6
7;0.65;0.02;02.Січ;0.066;8;25;0.9972;Бер.47;0.67;09.Тра;6
09.Кві;0.615;0.28;03.Лют;0.087;18;72;1.0001;Бер.31;0.53;09.Лип;5
11.Сер;0.38;0.55;02.Січ;0.071;5;19;0.9986;03.Лис;0.62;10.Сер;6
10.Чер;01.Лют;0.43;02.Вер;0.076;26;88;0.9984;03.Сер;0.57;10.Січ;6
7;0.65;0.02;02.Січ;0.066;8;25;0.9972;Бер.47;0.67;09.Тра;6
7;0.64;0.02;02.Січ;0.067;9;23;0.997;Бер.47;0.67;09.Кві;6
07.Тра;0.38;0.48;02.Чер;0.073;22;84;0.9972;Бер.32;0.7;09.Чер;4
09.Січ;0.765;0.04;01.Чер;0.078;4;14;0.998;Бер.29;0.54;09.Лип;4
08.Кві;1.035;0.15;6;0.073;11;54;0.999;Бер.37;0.49;09.Вер;5
7;0.78;0.08;2;0.093;10;19;0.9956;03.Кві;0.47;10;5
07.Кві;0.49;0.19;3;0.077;16;37;0.9966;Бер.37;0.51;10.Тра;5
07.Сер;0.545;0.12;02.Тра;0.068;11;35;0.996;Бер.34;0.61;11.Чер;6
09.Лип;0.31;0.47;01.Чер;0.062;13;33;0.9983;Бер.27;0.66;10;6
10.Чер;1.025;0.43;02.Сер;0.08;21;84;0.9985;03.Чер;0.57;10.Січ;5
08.Вер;0.565;0.34;3;0.093;16;112;0.9998;Бер.38;0.61;09.Тра;5
08.Лип;0.69;0;03.Лют;0.084;13;33;0.9992;Бер.36;0.45;09.Кві;5
8;0.43;0.36;02.Бер;0.075;10;48;0.9976;Бер.34;0.46;09.Кві;5
09.Вер;0.74;0.28;02.Чер;0.078;21;77;0.998;Бер.28;0.51;09.Сер;5
07.Лют;0.49;0.18;02.Лип;0.069;13;34;0.9967;Бер.29;0.48;09.Лют;6
8;0.43;0.36;02.Бер;0.075;10;48;0.9976;Бер.34;0.46;09.Кві;5
07.Чер;0.46;0.11;02.Чер;0.079;12;49;0.9968;Бер.21;0.57;10;5
08.Кві;0.56;0.04;2;0.082;10;22;0.9976;Бер.22;0.44;09.Чер;5
07.Січ;0.66;0;03.Вер;0.086;17;45;0.9976;Бер.46;0.54;09.Тра;5
08.Кві;0.56;0.04;2;0.082;10;22;0.9976;Бер.22;0.44;09.Чер;5
08.Вер;0.48;0.24;Лют.85;0.094;35;106;0.9982;03.Січ;0.53;09.Лют;5
07.Чер;0.42;0.08;02.Лип;0.084;15;48;0.9968;Бер.21;0.59;10;5
07.Січ;0.31;0.3;02.Лют;0.053;36;127;0.9965;Лют.94;Січ.62;09.Тра;5
07.Тра;1.115;0.1;03.Січ;0.086;5;12;0.9958;Бер.54;0.6;11.Лют;4
9;0.66;0.17;3;0.077;5;13;0.9976;Бер.29;0.55;10.Кві;5
08.Січ;0.72;0.09;02.Сер;0.084;18;49;0.9994;Бер.43;0.72;11.Січ;6
06.Кві;0.57;0.02;01.Сер;0.067;4;11;0.997;Бер.46;0.68;09.Тра;5
06.Кві;0.57;0.02;01.Сер;0.067;4;11;0.997;Бер.46;0.68;09.Тра;5
06.Кві;0.865;0.03;03.Лют;0.071;27;58;0.995;Бер.61;0.49;12.Лип;6
09.Тра;0.55;0.66;02.Бер;0.387;12;37;0.9982;Бер.17;0.67;09.Чер;5
08.Вер;0.875;0.13;Бер.45;0.088;4;14;0.9994;Бер.44;0.52;11.Тра;5
07.Бер;0.835;0.03;02.Січ;0.092;10;19;0.9966;Бер.39;0.47;09.Чер;5
7;0.45;0.34;02.Лип;0.082;16;72;0.998;Бер.55;0.6;09.Тра;5
07.Лип;0.56;0.2;2;0.075;9;39;0.9987;Бер.48;0.62;09.Бер;5
07.Лип;0.965;0.1;02.Січ;0.112;11;22;0.9963;Бер.26;0.5;09.Тра;5
07.Лип;0.965;0.1;02.Січ;0.112;11;22;0.9963;Бер.26;0.5;09.Тра;5
08.Лют;0.59;0;02.Тра;0.093;19;58;1.0002;03.Тра;0.65;09.Бер;6
9;0.46;0.23;02.Сер;0.092;28;104;0.9983;03.Січ;0.56;09.Лют;5
9;0.69;0;02.Кві;0.088;19;38;0.999;Бер.35;0.6;09.Бер;5
08.Бер;0.76;0.29;04.Лют;0.075;12;16;0.9965;Бер.45;0.68;11.Тра;6
09.Лют;0.53;0.24;02.Чер;0.078;28;139;0.99788;Бер.21;0.57;09.Тра;5
06.Тра;0.615;0;01.Вер;0.065;9;18;0.9972;Бер.46;0.65;09.Лют;5
11.Чер;0.41;0.58;02.Сер;0.096;25;101;1.00024;Бер.13;0.53;10;5
11.Січ;0.39;0.54;02.Лип;0.095;21;101;1.0001;Бер.13;0.51;09.Тра;5
07.Бер;0.51;0.18;02.Січ;0.07;12;28;0.99768;Бер.52;0.73;09.Тра;6
08.Лют;0.34;0.38;02.Тра;0.08;12;57;0.9978;03.Бер;0.47;9;6
08.Чер;0.33;0.4;02.Чер;0.083;16;68;0.99782;03.Бер;0.48;09.Кві;5
07.Лют;0.5;0.18;02.Січ;0.071;12;31;0.99761;Бер.52;0.72;09.Чер;6
07.Бер;0.51;0.18;02.Січ;0.07;12;28;0.99768;Бер.52;0.73;09.Тра;6
08.Бер;0.65;0.1;02.Вер;0.089;17;40;0.99803;Бер.29;0.55;09.Тра;5
08.Бер;0.65;0.1;02.Вер;0.089;17;40;0.99803;Бер.29;0.55;09.Тра;5
07.Чер;0.54;0.13;02.Тра;0.097;24;66;0.99785;Бер.39;0.61;09.Кві;5
08.Бер;0.65;0.1;02.Вер;0.089;17;40;0.99803;Бер.29;0.55;09.Тра;5
07.Сер;0.48;0.68;01.Лип;0.415;14;32;0.99656;03.Вер;01.Чер;09.Січ;6
07.Сер;0.91;0.07;01.Вер;0.058;22;47;0.99525;Бер.51;0.43;10.Лип;6
06.Бер;0.98;0.01;2;0.057;15;33;0.99488;03.Чер;0.46;11.Лют;6
08.Січ;0.87;0;02.Лют;0.084;10;31;0.99656;Бер.25;0.5;09.Сер;5
08.Січ;0.87;0;02.Лют;0.084;10;31;0.99656;Бер.25;0.5;09.Сер;5
08.Сер;0.42;0.21;02.Тра;0.092;33;88;0.99823;Бер.19;0.52;09.Лют;5
9;0.58;0.25;02.Сер;0.075;9;104;0.99779;Бер.23;0.57;09.Лип;5
09.Бер;0.655;0.26;2;0.096;5;35;0.99738;Бер.25;0.42;09.Чер;5
08.Сер;0.7;0;01.Лип;0.069;8;19;0.99701;Бер.31;0.53;10;6
09.Бер;0.655;0.26;2;0.096;5;35;0.99738;Бер.25;0.42;09.Чер;5
09.Січ;0.68;0.11;02.Сер;0.093;11;44;0.99888;Бер.31;0.55;09.Тра;6
09.Лют;0.67;0.1;3;0.091;12;48;0.99888;Бер.31;0.54;09.Тра;6
08.Сер;0.59;0.18;02.Вер;0.089;12;74;0.99738;Бер.14;0.54;09.Кві;5
07.Тра;0.6;0.32;02.Лип;0.103;13;98;0.99938;Бер.45;0.62;09.Тра;5
07.Січ;0.59;0.02;02.Бер;0.082;24;94;0.99744;Бер.55;0.53;09.Лип;6
07.Вер;0.72;0.01;01.Вер;0.076;7;32;0.99668;Бер.39;0.54;09.Чер;5
07.Січ;0.59;0.02;02.Бер;0.082;24;94;0.99744;Бер.55;0.53;09.Лип;6
09.Кві;0.685;0.26;02.Кві;0.082;23;143;0.9978;Бер.28;0.55;09.Кві;5
09.Тра;0.57;0.27;02.Бер;0.082;23;144;0.99782;Бер.27;0.55;09.Кві;5
07.Вер;0.4;0.29;01.Сер;0.157;1;44;0.9973;03.Бер;0.92;09.Тра;6
07.Вер;0.4;0.3;01.Сер;0.157;2;45;0.99727;Бер.31;0.91;09.Тра;6
07.Лют;1;0;3;0.102;7;16;0.99586;Бер.43;0.46;10;5
06.Вер;0.765;0.18;02.Кві;0.243;05.Тра;48;0.99612;03.Кві;0.6;10.Бер;6
06.Вер;0.635;0.17;02.Кві;0.241;6;18;0.9961;03.Кві;0.59;10.Бер;6
08.Бер;0.43;0.3;03.Кві;0.079;7;34;0.99788;Бер.36;0.61;10.Тра;5
07.Січ;0.52;0.03;02.Чер;0.076;21;92;0.99745;03.Тра;0.6;09.Сер;5
7;0.57;0;2;0.19;12;45;0.99676;Бер.31;0.6;09.Кві;6
06.Тра;0.46;0.14;02.Кві;0.114;9;37;0.99732;Бер.66;0.65;09.Сер;5
9;0.82;0.05;02.Кві;0.081;26;96;0.99814;Бер.36;0.53;10;5
06.Тра;0.46;0.14;02.Кві;0.114;9;37;0.99732;Бер.66;0.65;09.Сер;5
07.Січ;0.59;0.01;02.Тра;0.077;20;85;0.99746;Бер.55;0.59;09.Сер;5
09.Вер;0.35;0.41;02.Бер;0.083;11;61;0.9982;Бер.21;0.5;09.Тра;5
09.Вер;0.35;0.41;02.Бер;0.083;11;61;0.9982;Бер.21;0.5;09.Тра;5
10;0.56;0.24;02.Лют;0.079;19;58;0.9991;Бер.18;0.56;10.Січ;6
10;0.56;0.24;02.Лют;0.079;19;58;0.9991;Бер.18;0.56;10.Січ;6
08.Чер;0.63;0.17;02.Вер;0.099;21;119;0.998;03.Вер;0.52;09.Бер;5
07.Кві;0.37;0.43;02.Чер;0.082;18;82;0.99708;Бер.33;0.68;09.Лип;6
08.Сер;0.64;0.17;02.Вер;0.084;25;130;0.99818;Бер.23;0.54;09.Чер;5
07.Січ;0.61;0.02;02.Тра;0.081;17;87;0.99745;Бер.48;0.6;09.Лип;6
07.Лип;0.6;0;02.Чер;0.055;7;13;0.99639;Бер.38;0.56;10.Сер;5
10.Січ;0.27;0.54;02.Бер;0.065;7;26;0.99531;Бер.17;0.53;12.Тра;6
10.Сер;0.89;0.3;02.Чер;0.132;7;60;0.99786;Лют.99;Січ.18;10.Лют;5
08.Лип;0.46;0.31;02.Тра;0.126;24;64;0.99746;03.Січ;0.74;09.Чер;5
09.Бер;0.37;0.44;01.Чер;0.038;21;42;0.99526;Бер.24;0.81;10.Сер;7
09.Кві;0.5;0.34;03.Чер;0.082;5;14;0.9987;Бер.29;0.52;10.Лип;6
09.Кві;0.5;0.34;03.Чер;0.082;5;14;0.9987;Бер.29;0.52;10.Лип;6
07.Лют;0.61;0.08;4;0.082;26;108;0.99641;Бер.25;0.51;09.Кві;5
08.Чер;0.55;0.09;03.Бер;0.068;8;17;0.99735;Бер.23;0.44;10;5
05.Січ;0.585;0;01.Лип;0.044;14;86;0.99264;Бер.56;0.94;12.Вер;7
07.Лип;0.56;0.08;02.Тра;0.114;14;46;0.9971;Бер.24;0.66;09.Чер;6
08.Кві;0.52;0.22;02.Лип;0.084;4;18;0.99682;Бер.26;0.57;09.Вер;6
08.Лют;0.28;0.4;02.Кві;0.052;4;10;0.99356;Бер.33;0.7;12.Сер;7
08.Кві;0.25;0.39;2;0.041;4;10;0.99386;Бер.27;0.71;12.Тра;7
08.Лют;0.28;0.4;02.Кві;0.052;4;10;0.99356;Бер.33;0.7;12.Сер;7
07.Кві;0.53;0.12;01.Вер;0.165;4;12;0.99702;Бер.26;0.86;09.Лют;5
07.Чер;0.48;0.31;02.Сер;0.07;4;15;0.99693;Бер.22;0.55;10.Бер;6
07.Бер;0.49;0.1;02.Чер;0.068;4;14;0.99562;03.Бер;0.47;10.Тра;5
12.Вер;0.5;0.55;02.Сер;0.072;7;24;1.00012;03.Вер;0.68;10.Вер;6
10.Сер;0.45;0.33;02.Тра;0.099;20;38;0.99818;Бер.24;0.71;10.Сер;5
06.Вер;0.39;0.24;02.Січ;0.102;4;7;0.99462;Бер.44;0.58;11.Кві;4
12.Чер;0.41;0.54;02.Сер;0.103;19;41;0.99939;Бер.21;0.76;11.Бер;6
10.Сер;0.45;0.33;02.Тра;0.099;20;38;0.99818;Бер.24;0.71;10.Сер;5
09.Сер;0.51;0.19;03.Лют;0.081;8;30;0.9984;Бер.23;0.58;10.Тра;6
10.Сер;0.29;0.42;01.Чер;0.084;19;27;0.99545;Бер.28;0.73;11.Вер;6
07.Січ;0.715;0;Лют.35;0.071;21;47;0.99632;Бер.29;0.45;09.Кві;5
09.Січ;0.66;0.15;03.Лют;0.097;9;59;0.99976;Бер.28;0.54;09.Чер;5
7;0.685;0;01.Вер;0.099;9;22;0.99606;Бер.34;0.6;09.Лип;5
04.Вер;0.42;0;02.Січ;0.048;16;42;0.99154;Бер.71;0.74;14;7
06.Лип;0.54;0.13;2;0.076;15;36;0.9973;Бер.61;0.64;09.Сер;5
06.Лип;0.54;0.13;2;0.076;15;36;0.9973;Бер.61;0.64;09.Сер;5
07.Січ;0.48;0.28;02.Сер;0.068;6;16;0.99682;Бер.24;0.53;10.Бер;5
07.Січ;0.46;0.14;02.Сер;0.076;15;37;0.99624;Бер.36;0.49;10.Лип;5
07.Тра;0.27;0.34;02.Бер;0.05;4;8;0.9951;03.Кві;0.64;11;7
07.Січ;0.46;0.14;02.Сер;0.076;15;37;0.99624;Бер.36;0.49;10.Лип;5
07.Сер;0.57;0.09;02.Бер;0.065;34;45;0.99417;Бер.46;0.74;12.Лип;8
05.Вер;0.61;0.08;02.Січ;0.071;16;24;0.99376;Бер.56;0.77;11.Січ;6
07.Тра;0.685;0.07;02.Тра;0.058;5;9;0.99632;Бер.38;0.55;10.Вер;4
05.Вер;0.61;0.08;02.Січ;0.071;16;24;0.99376;Бер.56;0.77;11.Січ;6
10.Кві;0.44;0.42;01.Тра;0.145;34;48;0.99832;Бер.38;0.86;09.Вер;3
11.Чер;0.47;0.44;01.Чер;0.147;36;51;0.99836;Бер.38;0.86;09.Вер;4
08.Сер;0.685;0.26;01.Чер;0.088;16;23;0.99694;Бер.32;0.47;09.Кві;5
07.Чер;0.665;0.1;01.Тра;0.066;27;55;0.99655;Бер.39;0.51;09.Бер;5
06.Лип;0.28;0.28;02.Кві;0.012;36;100;0.99064;Бер.26;0.39;11.Лип;7
06.Лип;0.28;0.28;02.Кві;0.012;36;100;0.99064;Бер.26;0.39;11.Лип;7
10.Січ;0.31;0.35;01.Чер;0.075;9;28;0.99672;Бер.24;0.83;11.Лют;7
6;0.5;0.04;02.Лют;0.092;13;26;0.99647;Бер.46;0.47;10;5
11.Січ;0.42;0.47;Лют.65;0.085;9;34;0.99736;Бер.24;0.77;12.Січ;7
06.Чер;0.66;0;3;0.115;21;31;0.99629;Бер.45;0.63;10.Бер;5
10.Чер;0.5;0.45;02.Чер;0.119;34;68;0.99708;Бер.23;0.72;10.Вер;6
07.Січ;0.685;0.35;2;0.088;9;92;0.9963;Бер.28;0.62;09.Кві;5
09.Вер;0.25;0.46;01.Лип;0.062;26;42;0.9959;Бер.18;0.83;10.Чер;6
06.Кві;0.64;0.21;01.Сер;0.081;14;31;0.99689;Бер.59;0.66;09.Сер;5
06.Кві;0.64;0.21;01.Сер;0.081;14;31;0.99689;Бер.59;0.66;09.Сер;5
07.Кві;0.68;0.16;01.Сер;0.078;12;39;0.9977;03.Тра;0.7;09.Вер;6
06.Кві;0.64;0.21;01.Сер;0.081;14;31;0.99689;Бер.59;0.66;09.Сер;5
06.Кві;0.63;0.21;01.Чер;0.08;12;32;0.99689;Бер.58;0.66;09.Сер;5
09.Бер;0.43;0.44;01.Вер;0.085;9;22;0.99708;Бер.28;0.55;09.Тра;5
09.Бер;0.43;0.44;01.Вер;0.085;9;22;0.99708;Бер.28;0.55;09.Тра;5
8;0.42;0.32;02.Тра;0.08;26;122;0.99801;Бер.22;01.Лип;09.Лип;5
09.Бер;0.36;0.39;01.Тра;0.08;41;55;0.99652;Бер.47;0.73;10.Вер;6
09.Бер;0.36;0.39;01.Тра;0.08;41;55;0.99652;Бер.47;0.73;10.Вер;6
07.Чер;0.735;0.02;02.Тра;0.071;10;14;0.99538;Бер.51;0.71;11.Лип;7
09.Бер;0.36;0.39;01.Тра;0.08;41;55;0.99652;Бер.47;0.73;10.Вер;6
08.Лют;0.26;0.34;02.Тра;0.073;16;47;0.99594;03.Кві;0.78;11.Бер;7
11.Лип;0.28;0.47;01.Лип;0.054;17;32;0.99686;Бер.15;0.67;10.Чер;7
06.Сер;0.56;0.22;01.Сер;0.074;15;24;0.99438;03.Кві;0.82;11.Лют;6
07.Лют;0.62;0.06;02.Лип;0.077;15;85;0.99746;Бер.51;0.54;09.Тра;5
05.Сер;01.Січ;0.66;2;0.039;15;88;0.99357;Бер.66;0.6;11.Тра;6
07.Тра;0.42;0.32;02.Лип;0.067;7;25;0.99628;Бер.24;0.44;10.Кві;5
07.Лют;0.62;0.06;02.Тра;0.078;17;84;0.99746;Бер.51;0.53;09.Лип;5
07.Лют;0.62;0.06;02.Лип;0.077;15;85;0.99746;Бер.51;0.54;09.Тра;5
07.Лют;0.635;0.07;02.Чер;0.077;16;86;0.99748;Бер.51;0.54;09.Лип;5
06.Сер;0.49;0.22;02.Бер;0.071;13;24;0.99438;Бер.41;0.83;11.Бер;6
06.Вер;0.51;0.23;2;0.072;13;22;0.99438;03.Кві;0.84;11.Лют;6
06.Сер;0.56;0.22;01.Сер;0.074;15;24;0.99438;03.Кві;0.82;11.Лют;6
07.Чер;0.63;0.03;2;0.08;27;43;0.99578;Бер.44;0.64;10.Вер;6
07.Лип;0.715;0.01;02.Січ;0.064;31;43;0.99371;Бер.41;0.57;11.Сер;6
06.Вер;0.56;0.03;01.Тра;0.086;36;46;0.99522;Бер.53;0.57;10.Чер;5
07.Бер;0.35;0.24;2;0.067;28;48;0.99576;Бер.43;0.54;10;4
09.Січ;0.21;0.37;01.Чер;0.067;6;10;0.99552;Бер.23;0.58;11.Січ;7
10.Кві;0.38;0.46;02.Січ;0.104;6;10;0.99664;03.Гру;0.65;11.Сер;7
08.Сер;0.31;0.4;02.Сер;0.109;7;16;0.99614;Бер.31;0.79;11.Сер;7
07.Січ;0.47;0;02.Лют;0.067;7;14;0.99517;03.Кві;0.58;10.Вер;4
07.Лип;0.715;0.01;02.Січ;0.064;31;43;0.99371;Бер.41;0.57;11.Сер;6
08.Сер;0.61;0.19;4;0.094;30;69;0.99787;Бер.22;0.5;10;6
07.Лют;0.6;0.04;02.Тра;0.076;18;88;0.99745;Бер.53;0.55;09.Тра;5
09.Лют;0.56;0.18;01.Чер;0.078;10;21;0.99576;Бер.15;0.49;09.Вер;5
07.Чер;0.715;0;02.Січ;0.068;30;35;0.99533;Бер.48;0.65;11.Кві;6
08.Кві;0.31;0.29;03.Січ;0.194;14;26;0.99536;Бер.22;0.78;12;6
07.Лют;0.6;0.04;02.Тра;0.076;18;88;0.99745;Бер.53;0.55;09.Тра;5
08.Сер;0.61;0.19;4;0.094;30;69;0.99787;Бер.22;0.5;10;6
08.Вер;0.75;0.14;02.Тра;0.086;9;30;0.99824;Бер.34;0.64;10.Тра;5
9;0.8;0.12;02.Кві;0.083;8;28;0.99836;Бер.33;0.65;10.Кві;6
10.Лип;0.52;0.38;02.Чер;0.066;29;56;0.99577;Бер.15;0.79;12.Січ;7
06.Сер;0.57;0;02.Тра;0.072;32;64;0.99491;Бер.43;0.56;11.Лют;6
10.Лип;0.9;0.34;06.Чер;0.112;23;99;1.00289;Бер.22;0.68;09.Бер;5
07.Лют;0.34;0.24;2;0.071;30;52;0.99576;Бер.44;0.58;10.Січ;5
07.Лют;0.66;0.03;02.Бер;0.078;16;86;0.99743;Бер.53;0.57;09.Лип;5
10.Січ;0.45;0.23;01.Вер;0.082;10;18;0.99774;Бер.22;0.65;09.Бер;6
07.Лют;0.66;0.03;02.Бер;0.078;16;86;0.99743;Бер.53;0.57;09.Лип;5
07.Лют;0.63;0.03;02.Лют;0.08;17;88;0.99745;Бер.53;0.58;09.Сер;6
07.Січ;0.59;0.01;02.Бер;0.08;27;43;0.9955;Бер.42;0.58;10.Лип;6
08.Бер;0.31;0.39;02.Кві;0.078;17;43;0.99444;Бер.31;0.77;12.Тра;7
07.Січ;0.59;0.01;02.Бер;0.08;27;43;0.9955;Бер.42;0.58;10.Лип;6
08.Бер;0.31;0.39;02.Кві;0.078;17;43;0.99444;Бер.31;0.77;12.Тра;7
08.Бер;01.Лют;0.02;03.Кві;0.084;6;11;0.99892;Бер.48;0.49;11;3
08.Вер;0.31;0.36;02.Чер;0.056;10;39;0.99562;03.Кві;0.69;11.Сер;5
07.Кві;0.635;0.1;02.Кві;0.08;16;33;0.99736;Бер.58;0.69;10.Сер;7
07.Кві;0.635;0.1;02.Кві;0.08;16;33;0.99736;Бер.58;0.69;10.Сер;7
06.Сер;0.59;0.06;6;0.06;11;18;0.9962;Бер.41;0.59;10.Сер;7
06.Сер;0.59;0.06;6;0.06;11;18;0.9962;Бер.41;0.59;10.Сер;7
09.Лют;0.58;0.2;3;0.081;15;115;0.998;Бер.23;0.59;09.Тра;5
07.Лют;0.54;0.27;02.Чер;0.084;12;78;0.9964;Бер.39;0.71;11;5
06.Січ;0.56;0;02.Лют;0.079;6;9;0.9948;Бер.59;0.54;11.Тра;6
07.Кві;0.52;0.13;02.Кві;0.078;34;61;0.99528;Бер.43;0.59;10.Сер;6
07.Бер;0.305;0.39;01.Лют;0.059;7;11;0.99331;Бер.29;0.52;11.Тра;6
09.Бер;0.38;0.48;03.Сер;0.132;3;11;0.99577;Бер.23;0.57;13.Лют;6
09.Січ;0.28;0.46;9;0.114;3;9;0.99901;Бер.18;0.6;10.Вер;6
10;0.46;0.44;02.Вер;0.065;4;8;0.99674;Бер.33;0.62;12.Лют;6
09.Кві;0.395;0.46;04.Чер;0.094;3;10;0.99639;Бер.27;0.64;12.Лют;7
07.Бер;0.305;0.39;01.Лют;0.059;7;11;0.99331;Бер.29;0.52;11.Тра;6
08.Чер;0.315;0.4;02.Лют;0.079;3;6;0.99512;Бер.27;0.67;11.Вер;6
05.Бер;0.715;0.19;01.Тра;0.161;7;62;0.99395;Бер.62;0.61;11;5
06.Сер;0.41;0.31;08.Сер;0.084;26;45;0.99824;Бер.38;0.64;10.Січ;6
08.Кві;0.36;0.32;02.Лют;0.081;32;79;0.9964;03.Бер;0.72;11;6
08.Кві;0.62;0.12;01.Сер;0.072;38;46;0.99504;Бер.38;0.89;11.Сер;6
09.Чер;0.41;0.37;02.Бер;0.091;10;23;0.99786;Бер.24;0.56;10.Тра;5
08.Кві;0.36;0.32;02.Лют;0.081;32;79;0.9964;03.Бер;0.72;11;6
08.Кві;0.62;0.12;01.Сер;0.072;38;46;0.99504;Бер.38;0.89;11.Сер;6
06.Сер;0.41;0.31;08.Сер;0.084;26;45;0.99824;Бер.38;0.64;10.Січ;6
08.Чер;0.47;0.27;02.Бер;0.055;14;28;0.99516;Бер.18;0.8;11.Лют;5
08.Чер;0.22;0.36;01.Вер;0.064;53;77;0.99604;Бер.47;0.87;11;7
09.Кві;0.24;0.33;02.Бер;0.061;52;73;0.99786;Бер.47;0.9;10.Лют;6
08.Кві;0.67;0.19;02.Лют;0.093;11;75;0.99736;03.Лют;0.59;09.Лют;4
08.Чер;0.47;0.27;02.Бер;0.055;14;28;0.99516;Бер.18;0.8;11.Лют;5
08.Лип;0.33;0.38;03.Бер;0.063;10;19;0.99468;03.Бер;0.73;12;7
06.Чер;0.61;0.01;01.Вер;0.08;8;25;0.99746;Бер.69;0.73;10.Тра;5
07.Кві;0.61;0.01;2;0.074;13;38;0.99748;Бер.48;0.65;09.Сер;5
07.Чер;0.4;0.29;01.Вер;0.078;29;66;0.9971;Бер.45;0.59;09.Тра;6
07.Кві;0.61;0.01;2;0.074;13;38;0.99748;Бер.48;0.65;09.Сер;5
06.Чер;0.61;0.01;01.Вер;0.08;8;25;0.99746;Бер.69;0.73;10.Тра;5
08.Сер;0.3;0.38;02.Бер;0.06;19;72;0.99543;Бер.39;0.72;11.Сер;6
08.Сер;0.3;0.38;02.Бер;0.06;19;72;0.99543;Бер.39;0.72;11.Сер;6
12;0.63;0.5;01.Кві;0.071;6;26;0.99791;03.Лип;0.6;10.Кві;4
07.Лют;0.38;0.38;02.Сер;0.068;23;42;0.99356;Бер.34;0.72;12.Вер;7
06.Лют;0.46;0.17;01.Чер;0.073;7;11;0.99425;Бер.61;0.54;11.Кві;5
09.Чер;0.33;0.52;02.Лют;0.074;13;25;0.99509;Бер.36;0.76;12.Кві;7
09.Вер;0.27;0.49;5;0.082;9;17;0.99484;Бер.19;0.52;12.Тра;7
10.Січ;0.43;0.4;02.Чер;0.092;13;52;0.99834;Бер.22;0.64;10;7
09.Сер;0.5;0.34;02.Бер;0.094;10;45;0.99864;Бер.24;0.6;09.Лип;7
08.Бер;0.3;0.49;03.Сер;0.09;11;24;0.99498;Бер.27;0.64;12.Січ;7
10.Лют;0.44;0.42;2;0.071;7;20;0.99566;Бер.14;0.79;11.Січ;7
10.Лют;0.44;0.58;04.Січ;0.092;11;24;0.99745;Бер.29;0.99;12;7
08.Бер;0.28;0.48;02.Січ;0.093;6;12;0.99408;Бер.26;0.62;12.Кві;7
08.Вер;0.12;0.45;01.Сер;0.075;10;21;0.99552;Бер.41;0.76;11.Вер;7
08.Вер;0.12;0.45;01.Сер;0.075;10;21;0.99552;Бер.41;0.76;11.Вер;7
08.Вер;0.12;0.45;01.Сер;0.075;10;21;0.99552;Бер.41;0.76;11.Вер;7
08.Бер;0.28;0.48;02.Січ;0.093;6;12;0.99408;Бер.26;0.62;12.Кві;7
08.Лют;0.31;0.4;02.Лют;0.058;6;10;0.99536;Бер.31;0.68;11.Лют;7
10.Лют;0.34;0.48;02.Січ;0.052;5;9;0.99458;03.Лют;0.69;12.Січ;7
07.Чер;0.43;0.4;02.Лип;0.082;6;11;0.99538;Бер.44;0.54;12.Лют;6
08.Тра;0.21;0.52;01.Вер;0.09;9;23;0.99648;Бер.36;0.67;10.Кві;5
9;0.36;0.52;02.Січ;0.111;5;10;0.99568;Бер.31;0.62;11.Бер;6
09.Тра;0.37;0.52;2;0.088;12;51;0.99613;Бер.29;0.58;11.Січ;6
06.Кві;0.57;0.12;02.Бер;0.12;25;36;0.99519;Бер.47;0.71;11.Бер;7
8;0.59;0.05;2;0.089;12;32;0.99735;Бер.36;0.61;10;5
08.Тра;0.47;0.27;01.Вер;0.058;18;38;0.99518;Бер.16;0.85;11.Січ;6
07.Січ;0.56;0.14;01.Чер;0.078;7;18;0.99592;Бер.27;0.62;09.Бер;5
06.Чер;0.57;0.02;02.Січ;0.115;6;16;0.99654;Бер.38;0.69;09.Тра;5
08.Сер;0.27;0.39;2;0.1;20;27;0.99546;Бер.15;0.69;11.Лют;6
08.Тра;0.47;0.27;01.Вер;0.058;18;38;0.99518;Бер.16;0.85;11.Січ;6
08.Бер;0.34;0.4;02.Кві;0.065;24;48;0.99554;Бер.34;0.86;11;6
9;0.38;0.41;02.Кві;0.103;6;10;0.99604;Бер.13;0.58;11.Вер;7
08.Тра;0.66;0.2;02.Січ;0.097;23;113;0.99733;Бер.13;0.48;09.Лют;5
9;0.4;0.43;02.Кві;0.068;29;46;0.9943;03.Лют;0.6;12.Лют;6
06.Лип;0.56;0.09;02.Вер;0.079;7;22;0.99669;Бер.46;0.61;10.Лют;5
10.Кві;0.26;0.48;01.Вер;0.066;6;10;0.99724;Бер.33;0.87;10.Вер;6
10.Кві;0.26;0.48;01.Вер;0.066;6;10;0.99724;Бер.33;0.87;10.Вер;6
10.Січ;0.38;0.5;02.Кві;0.104;6;13;0.99643;Бер.22;0.65;11.Чер;7
08.Тра;0.34;0.44;01.Лип;0.079;6;12;0.99605;Бер.52;0.63;10.Лип;5
08.Сер;0.33;0.41;05.Вер;0.073;7;13;0.99658;03.Бер;0.62;12.Січ;7
07.Лют;0.41;0.3;02.Січ;0.083;35;72;0.997;Бер.44;0.52;09.Кві;5
07.Лют;0.41;0.3;02.Січ;0.083;35;72;0.997;Бер.44;0.52;09.Кві;5
08.Кві;0.59;0.29;02.Чер;0.109;31;119;0.99801;Бер.15;0.5;09.Січ;5
7;0.4;0.32;03.Чер;0.061;9;29;0.99416;Бер.28;0.49;11.Бер;7
12.Лют;0.45;0.49;01.Кві;0.075;3;6;0.9969;Бер.13;0.63;10.Кві;5
09.Січ;0.5;0.3;01.Вер;0.065;8;17;0.99774;Бер.32;0.71;10.Тра;6
09.Тра;0.86;0.26;01.Вер;0.079;13;28;0.99712;Бер.25;0.62;10;5
07.Бер;0.52;0.32;02.Січ;0.07;51;70;0.99418;Бер.34;0.82;12.Вер;6
09.Січ;0.5;0.3;01.Вер;0.065;8;17;0.99774;Бер.32;0.71;10.Тра;6
12.Лют;0.45;0.49;01.Кві;0.075;3;6;0.9969;Бер.13;0.63;10.Кві;5
07.Кві;0.58;0;2;0.064;7;11;0.99562;Бер.45;0.58;11.Бер;6
09.Сер;0.34;0.39;01.Кві;0.066;3;7;0.9947;Бер.19;0.55;11.Кві;7
07.Січ;0.36;0.3;01.Чер;0.08;35;70;0.99693;Бер.44;0.5;09.Кві;5
07.Лип;0.39;0.12;01.Лип;0.097;19;27;0.99596;Бер.16;0.49;09.Кві;5
09.Лип;0.295;0.4;01.Тра;0.073;14;21;0.99556;Бер.14;0.51;10.Вер;6
07.Лип;0.39;0.12;01.Лип;0.097;19;27;0.99596;Бер.16;0.49;09.Кві;5
07.Січ;0.34;0.28;2;0.082;31;68;0.99694;Бер.45;0.48;09.Кві;5
06.Тра;0.4;0.1;2;0.076;30;47;0.99554;Бер.36;0.48;09.Кві;6
07.Січ;0.34;0.28;2;0.082;31;68;0.99694;Бер.45;0.48;09.Кві;5
10;0.35;0.45;02.Тра;0.092;20;88;0.99918;Бер.15;0.43;09.Кві;5
07.Лип;0.6;0.06;2;0.079;19;41;0.99697;Бер.39;0.62;10.Січ;6
05.Чер;0.66;0;02.Лют;0.087;3;11;0.99378;Бер.71;0.63;12.Сер;7
05.Чер;0.66;0;02.Лют;0.087;3;11;0.99378;Бер.71;0.63;12.Сер;7
08.Вер;0.84;0.34;01.Кві;0.05;4;10;0.99554;03.Гру;0.48;09.Січ;6
06.Кві;0.69;0;Січ.65;0.055;7;12;0.99162;Бер.47;0.53;12.Вер;6
07.Тра;0.43;0.3;02.Лют;0.062;6;12;0.99495;Бер.44;0.72;11.Тра;7
09.Вер;0.35;0.38;01.Тра;0.058;31;47;0.99676;Бер.26;0.82;10.Чер;7
09.Січ;0.29;0.33;02.Тра;0.063;13;27;0.99516;Бер.26;0.84;11.Лип;7
06.Сер;0.36;0.32;01.Сер;0.067;4;8;0.9928;Бер.36;0.55;12.Сер;7
08.Лют;0.43;0.29;01.Чер;0.081;27;45;0.99603;Бер.25;0.54;10.Бер;5
06.Сер;0.36;0.32;01.Сер;0.067;4;8;0.9928;Бер.36;0.55;12.Сер;7
09.Січ;0.29;0.33;02.Тра;0.063;13;27;0.99516;Бер.26;0.84;11.Лип;7
09.Січ;0.3;0.34;2;0.064;12;25;0.99516;Бер.26;0.84;11.Лип;7
08.Вер;0.35;0.4;03.Чер;0.11;12;24;0.99549;Бер.23;0.7;12;7
09.Чер;0.5;0.36;02.Сер;0.116;26;55;0.99722;Бер.18;0.68;10.Вер;5
08.Вер;0.28;0.45;01.Лип;0.067;7;12;0.99354;Бер.25;0.55;12.Бер;7
08.Вер;0.32;0.31;2;0.088;12;19;0.9957;Бер.17;0.55;10.Кві;6
07.Лип;1.005;0.15;02.Січ;0.102;11;32;0.99604;Бер.23;0.48;10;5
07.Тра;0.71;0;01.Чер;0.092;22;31;0.99635;Бер.38;0.58;10;6
8;0.58;0.16;2;0.12;3;7;0.99454;Бер.22;0.58;11.Лют;6
10.Тра;0.39;0.46;02.Лют;0.075;14;27;0.99598;03.Чер;0.84;11.Кві;6
08.Вер;0.38;0.4;02.Лют;0.068;12;28;0.99486;Бер.27;0.75;12.Чер;7
8;0.18;0.37;0.9;0.049;36;109;0.99007;Лют.89;0.44;12.Лип;6
8;0.18;0.37;0.9;0.049;36;109;0.99007;Лют.89;0.44;12.Лип;6
7;0.5;0.14;01.Сер;0.078;10;23;0.99636;Бер.53;0.61;10.Кві;5
11.Бер;0.36;0.66;02.Кві;0.123;3;8;0.99642;03.Лют;0.53;11.Вер;6
11.Бер;0.36;0.66;02.Кві;0.123;3;8;0.99642;03.Лют;0.53;11.Вер;6
7;0.51;0.09;02.Січ;0.062;4;9;0.99584;Бер.35;0.54;10.Тра;5
08.Лют;0.32;0.42;02.Бер;0.098;3;9;0.99506;Бер.27;0.55;12.Бер;6
07.Лип;0.58;0.01;01.Сер;0.088;12;18;0.99568;Бер.32;0.56;10.Тра;7
08.Чер;0.83;0;02.Сер;0.095;17;43;0.99822;Бер.33;0.6;10.Кві;6
07.Вер;0.31;0.32;01.Вер;0.066;14;36;0.99364;Бер.41;0.56;12.Чер;6
06.Кві;0.795;0;02.Лют;0.065;28;52;0.99378;Бер.49;0.52;11.Чер;5
07.Лют;0.34;0.21;02.Тра;0.075;41;68;0.99586;Бер.37;0.54;10.Січ;6
07.Лип;0.58;0.01;01.Сер;0.088;12;18;0.99568;Бер.32;0.56;10.Тра;7
07.Січ;0.59;0;02.Січ;0.091;9;14;0.99488;Бер.42;0.55;11.Тра;7
07.Бер;0.55;0.01;01.Сер;0.093;9;15;0.99514;Бер.35;0.58;11;7
08.Січ;0.82;0;04.Січ;0.095;5;14;0.99854;Бер.36;0.53;09.Чер;5
07.Тра;0.57;0.08;02.Чер;0.089;14;27;0.99592;03.Бер;0.59;10.Кві;6
08.Вер;0.745;0.18;02.Тра;0.077;15;48;0.99739;03.Лют;0.47;09.Лип;6
10.Січ;0.37;0.34;02.Кві;0.085;5;17;0.99683;Бер.17;0.65;10.Чер;7
07.Чер;0.31;0.34;02.Тра;0.082;26;35;0.99356;Бер.22;0.59;12.Тра;7
07.Бер;0.91;0.1;01.Сер;0.074;20;56;0.99672;Бер.35;0.56;09.Лют;5
08.Лип;0.41;0.41;06.Лют;0.078;25;42;0.9953;Бер.24;0.77;12.Чер;7
08.Вер;0.5;0.21;02.Лют;0.088;21;39;0.99692;Бер.33;0.83;11.Січ;6
07.Кві;0.965;0;02.Лют;0.088;16;32;0.99756;Бер.58;0.67;10.Лют;5
06.Вер;0.49;0.19;01.Лип;0.079;13;26;0.99547;Бер.38;0.64;09.Сер;6
08.Вер;0.5;0.21;02.Лют;0.088;21;39;0.99692;Бер.33;0.83;11.Січ;6
09.Тра;0.39;0.41;08.Вер;0.069;18;39;0.99859;Бер.29;0.81;10.Вер;7
06.Кві;0.39;0.33;03.Бер;0.046;12;53;0.99294;Бер.36;0.62;12.Лют;6
06.Вер;0.44;0;01.Кві;0.07;32;38;0.99438;Бер.32;0.58;11.Кві;6
07.Чер;0.78;0;01.Лип;0.076;33;45;0.99612;Бер.31;0.62;10.Лип;6
07.Січ;0.43;0.17;01.Сер;0.082;27;51;0.99634;Бер.49;0.64;10.Кві;5
09.Бер;0.49;0.36;01.Лип;0.081;3;14;0.99702;Бер.27;0.78;10.Вер;6
09.Бер;0.5;0.36;01.Сер;0.084;6;17;0.99704;Бер.27;0.77;10.Сер;6
07.Січ;0.43;0.17;01.Сер;0.082;27;51;0.99634;Бер.49;0.64;10.Кві;5
08.Тра;0.46;0.59;01.Кві;0.414;16;45;0.99702;03.Бер;Січ.34;09.Лют;5
05.Чер;0.605;0.05;02.Кві;0.073;19;25;0.99258;Бер.56;0.55;12.Вер;5
08.Бер;0.33;0.42;02.Бер;0.07;9;20;0.99426;Бер.38;0.77;12.Лип;7
08.Лют;0.64;0.27;2;0.095;5;77;0.99747;Бер.13;0.62;09.Січ;6
08.Лют;0.64;0.27;2;0.095;5;77;0.99747;Бер.13;0.62;09.Січ;6
08.Вер;0.48;0.53;4;0.101;3;10;0.99586;Бер.21;0.59;12.Січ;7
07.Чер;0.42;0.25;03.Вер;0.104;28;90;0.99784;Бер.15;0.57;09.Січ;5
09.Вер;0.53;0.57;02.Кві;0.093;30;52;0.9971;Бер.19;0.76;11.Чер;7
08.Вер;0.48;0.53;4;0.101;3;10;0.99586;Бер.21;0.59;12.Січ;7
11.Чер;0.23;0.57;01.Сер;0.074;3;8;0.9981;Бер.14;0.7;09.Вер;6
09.Січ;0.4;0.5;01.Сер;0.071;7;16;0.99462;Бер.21;0.69;12.Тра;8
8;0.38;0.44;01.Вер;0.098;6;15;0.9956;03.Бер;0.64;11.Кві;6
10.Лют;0.29;0.65;02.Кві;0.075;6;17;0.99565;Бер.22;0.63;11.Сер;6
08.Лют;0.74;0.09;2;0.067;5;10;0.99418;Бер.28;0.57;11.Сер;6
07.Лип;0.61;0.18;02.Кві;0.083;6;20;0.9963;Бер.29;0.6;10.Лют;6
06.Чер;0.52;0.08;02.Кві;0.07;13;26;0.99358;03.Кві;0.72;12.Тра;7
11.Січ;0.31;0.53;02.Лют;0.06;3;10;0.99572;03.Лют;0.83;10.Вер;7
11.Січ;0.31;0.53;02.Лют;0.06;3;10;0.99572;03.Лют;0.83;10.Вер;7
8;0.62;0.35;02.Сер;0.086;28;52;0.997;Бер.31;0.62;10.Сер;5
09.Бер;0.33;0.45;01.Тра;0.057;19;37;0.99498;Бер.18;0.89;11.Січ;7
07.Тра;0.77;0.2;08.Січ;0.098;30;92;0.99892;03.Лют;0.58;09.Лют;5
07.Лют;0.35;0.26;01.Сер;0.083;33;75;0.9968;03.Кві;0.58;09.Тра;6
8;0.62;0.33;02.Лип;0.088;16;37;0.9972;Бер.31;0.58;10.Лип;6
07.Тра;0.77;0.2;08.Січ;0.098;30;92;0.99892;03.Лют;0.58;09.Лют;5
09.Січ;0.25;0.34;2;0.071;45;67;0.99769;Бер.44;0.86;10.Лют;7
09.Вер;0.32;0.56;2;0.073;3;8;0.99534;Бер.15;0.73;11.Кві;6
08.Чер;0.37;0.65;06.Кві;0.08;3;8;0.99817;Бер.27;0.58;11;5
08.Чер;0.37;0.65;06.Кві;0.08;3;8;0.99817;Бер.27;0.58;11;5
07.Вер;0.3;0.68;08.Бер;0.05;37.5;278;0.99316;03.Січ;0.51;12.Бер;7
10.Бер;0.27;0.56;01.Кві;0.047;3;8;0.99471;Бер.16;0.51;11.Сер;6
07.Вер;0.3;0.68;08.Бер;0.05;37.5;289;0.99316;03.Січ;0.51;12.Бер;7
07.Лют;0.38;0.3;01.Сер;0.073;31;70;0.99685;Бер.42;0.59;09.Тра;6
08.Лип;0.42;0.45;02.Кві;0.072;32;59;0.99617;Бер.33;0.77;12;6
07.Лют;0.38;0.3;01.Сер;0.073;31;70;0.99685;Бер.42;0.59;09.Тра;6
06.Сер;0.48;0.08;01.Сер;0.074;40;64;0.99529;03.Гру;0.49;09.Чер;5
08.Тра;0.34;0.4;04.Лип;0.055;3;9;0.99738;Бер.38;0.66;11.Чер;7
07.Вер;0.19;0.42;01.Чер;0.057;18;30;0.994;Бер.29;0.69;11.Лют;6
11.Чер;0.41;0.54;01.Тра;0.095;22;41;0.99735;03.Лют;0.76;09.Вер;7
11.Чер;0.41;0.54;01.Тра;0.095;22;41;0.99735;03.Лют;0.76;09.Вер;7
10;0.26;0.54;01.Вер;0.083;42;74;0.99451;Лют.98;0.63;11.Сер;8
07.Вер;0.34;0.42;2;0.086;8;19;0.99546;Бер.35;0.6;11.Кві;6
7;0.54;0.09;2;0.081;10;16;0.99479;Бер.43;0.59;11.Тра;6
09.Лют;0.31;0.36;02.Лют;0.079;11;31;0.99615;Бер.33;0.86;12;7
06.Чер;0.725;0.09;05.Тра;0.117;9;17;0.99655;Бер.35;0.49;10.Сер;6
09.Кві;0.4;0.47;02.Тра;0.087;6;20;0.99772;Бер.15;0.5;10.Тра;5
06.Чер;0.725;0.09;05.Тра;0.117;9;17;0.99655;Бер.35;0.49;10.Сер;6
08.Чер;0.52;0.38;01.Тра;0.096;5;18;0.99666;03.Лют;0.52;09.Кві;5
8;0.31;0.45;02.Січ;0.216;5;16;0.99358;Бер.15;0.81;12.Тра;7
08.Чер;0.52;0.38;01.Тра;0.096;5;18;0.99666;03.Лют;0.52;09.Кві;5
08.Кві;0.34;0.42;02.Січ;0.072;23;36;0.99392;03.Лис;0.78;12.Кві;6
07.Кві;0.49;0.27;02.Січ;0.071;14;25;0.99388;Бер.35;0.63;12;6
06.Січ;0.48;0.09;01.Лип;0.078;18;30;0.99402;Бер.45;0.54;11.Лют;6
07.Кві;0.49;0.27;02.Січ;0.071;14;25;0.99388;Бер.35;0.63;12;6
8;0.48;0.34;02.Лют;0.073;16;25;0.9936;Бер.28;0.66;12.Кві;6
06.Бер;0.57;0.28;02.Січ;0.048;13;49;0.99374;Бер.41;0.6;12.Сер;5
08.Лют;0.23;0.42;01.Вер;0.069;9;17;0.99376;Бер.21;0.54;12.Бер;6
09.Січ;0.3;0.41;2;0.068;10;24;0.99523;Бер.27;0.85;11.Лип;7
08.Січ;0.78;0.1;03.Бер;0.09;4;13;0.99855;Бер.36;0.49;09.Тра;5
10.Сер;0.47;0.43;02.Січ;0.171;27;66;0.9982;Бер.17;0.76;10.Сер;6
08.Бер;0.53;0;01.Кві;0.07;6;14;0.99593;Бер.25;0.64;10;6
05.Кві;0.42;0.27;2;0.092;23;55;0.99471;Бер.78;0.64;12.Бер;7
07.Вер;0.33;0.41;01.Тра;0.056;6;35;0.99396;Бер.29;0.71;11;6
08.Вер;0.24;0.39;01.Чер;0.074;3;10;0.99698;03.Гру;0.59;09.Тра;6
5;0.4;0.5;04.Бер;0.046;29;80;0.9902;Бер.49;0.66;13.Чер;6
7;0.69;0.07;02.Тра;0.091;15;21;0.99572;Бер.38;0.6;11.Бер;6
7;0.69;0.07;02.Тра;0.091;15;21;0.99572;Бер.38;0.6;11.Бер;6
7;0.69;0.07;02.Тра;0.091;15;21;0.99572;Бер.38;0.6;11.Бер;6
07.Січ;0.39;0.12;02.Січ;0.065;14;24;0.99252;03.Бер;0.53;13.Бер;6
05.Чер;0.66;0;02.Тра;0.066;7;15;0.99256;Бер.52;0.58;12.Вер;5
07.Вер;0.54;0.34;02.Тра;0.076;8;17;0.99235;03.Лют;0.72;13.Січ;8
06.Чер;0.5;0;01.Сер;0.062;21;28;0.99352;Бер.44;0.55;12.Бер;6
06.Бер;0.47;0;01.Кві;0.055;27;33;0.9922;Бер.45;0.48;12.Бер;6
10.Лип;0.4;0.37;01.Вер;0.081;17;29;0.99674;03.Гру;0.65;11.Лют;6
06.Тра;0.58;0;02.Лют;0.096;3;13;0.99557;Бер.62;0.62;11.Тра;4
08.Сер;0.24;0.35;01.Лип;0.055;13;27;0.99394;Бер.14;0.59;11.Бер;7
05.Сер;0.29;0.26;01.Лип;0.063;3;11;0.9915;Бер.39;0.54;13.Тра;6
06.Бер;0.76;0;02.Вер;0.072;26;52;0.99379;Бер.51;0.6;11.Тра;6
10;0.43;0.33;02.Лип;0.095;28;89;0.9984;Бер.22;0.68;10;5
10.Тра;0.43;0.35;03.Бер;0.092;24;70;0.99798;Бер.21;0.69;10.Тра;6
09.Січ;0.6;0;01.Вер;0.058;5;10;0.9977;Бер.18;0.63;10.Кві;6
05.Вер;0.19;0.21;01.Лип;0.045;57;135;0.99341;Бер.32;0.44;09.Тра;5
07.Кві;0.36;0.34;01.Сер;0.075;18;38;0.9933;Бер.38;0.88;13.Чер;7
07.Лют;0.48;0.07;05.Тра;0.089;10;18;0.99684;Бер.37;0.68;11.Лют;7
08.Тра;0.28;0.35;01.Лип;0.061;6;15;0.99524;03.Бер;0.74;11.Сер;7
8;0.25;0.43;01.Лип;0.067;22;50;0.9946;Бер.38;0.6;11.Вер;6
10.Кві;0.52;0.45;2;0.08;6;13;0.99774;Бер.22;0.76;11.Кві;6
10.Кві;0.52;0.45;2;0.08;6;13;0.99774;Бер.22;0.76;11.Кві;6
07.Тра;0.41;0.15;03.Лип;0.104;29;94;0.99786;Бер.14;0.58;09.Січ;5
08.Лют;0.51;0.24;2;0.079;16;86;0.99764;Бер.34;0.64;09.Тра;6
07.Бер;0.4;0.3;01.Лип;0.08;33;79;0.9969;Бер.41;0.65;09.Тра;6
08.Лют;0.38;0.32;02.Тра;0.08;24;71;0.99624;Бер.27;0.85;11;6
06.Вер;0.45;0.11;02.Кві;0.043;6;12;0.99354;03.Бер;0.65;11.Кві;6
7;0.22;0.3;01.Сер;0.065;16;20;0.99672;Бер.61;0.82;10;6
07.Бер;0.32;0.23;02.Бер;0.066;35;70;0.99588;Бер.43;0.62;10.Січ;5
08.Лют;0.2;0.43;02.Тра;0.076;31;51;0.99672;Бер.53;0.81;10.Кві;6
07.Сер;0.5;0.12;01.Сер;0.178;6;21;0.996;Бер.28;0.87;09.Сер;6
10;0.41;0.45;06.Лют;0.071;6;14;0.99702;Бер.21;0.49;11.Сер;7
07.Сер;0.39;0.42;2;0.086;9;21;0.99526;Бер.39;0.66;11.Чер;6
10;0.35;0.47;2;0.061;6;11;0.99585;Бер.23;0.52;12;6
08.Лют;0.33;0.32;02.Сер;0.067;4;12;0.99473;03.Бер;0.76;12.Сер;7
06.Січ;0.58;0.23;02.Тра;0.044;16;70;0.99352;Бер.46;0.65;12.Тра;6
08.Бер;0.6;0.25;02.Лют;0.118;9;38;0.99616;Бер.15;0.53;09.Сер;5
09.Чер;0.42;0.35;02.Січ;0.083;17;38;0.99622;Бер.23;0.66;11.Січ;6
06.Чер;0.58;0;02.Лют;0.1;50;63;0.99544;Бер.59;0.68;11.Кві;6
08.Бер;0.6;0.25;02.Лют;0.118;9;38;0.99616;Бер.15;0.53;09.Сер;5
08.Тра;0.18;0.51;Січ.75;0.071;45;88;0.99524;Бер.33;0.76;11.Сер;7
05.Січ;0.51;0.18;02.Січ;0.042;16;101;0.9924;Бер.46;0.87;12.Вер;7
06.Лип;0.41;0.43;02.Сер;0.076;22;54;0.99572;Бер.42;Січ.16;10.Чер;6
10.Лют;0.41;0.43;02.Лют;0.11;11;37;0.99728;Бер.16;0.67;10.Сер;5
10.Чер;0.36;0.57;02.Бер;0.087;6;20;0.99676;Бер.14;0.72;11.Січ;7
08.Сер;0.45;0.43;01.Кві;0.076;12;21;0.99551;Бер.21;0.75;10.Лют;6
08.Тра;0.32;0.42;02.Бер;0.075;12;19;0.99434;Бер.14;0.71;11.Сер;7
9;0.785;0.24;01.Лип;0.078;10;21;0.99692;Бер.29;0.67;10;5
9;0.785;0.24;01.Лип;0.078;10;21;0.99692;Бер.29;0.67;10;5
08.Тра;0.44;0.5;01.Вер;0.369;15;38;0.99634;03.Січ;01.Січ;09.Кві;5
09.Вер;0.54;0.26;2;0.111;7;60;0.99709;Лют.94;0.98;10.Лют;5
08.Лют;0.33;0.39;02.Тра;0.074;29;48;0.99528;Бер.32;0.88;12.Кві;7
06.Тра;0.34;0.27;02.Сер;0.067;8;44;0.99384;Бер.21;0.56;12;6
07.Чер;0.5;0.29;02.Бер;0.086;5;14;0.99502;Бер.32;0.62;11.Тра;6
09.Лют;0.36;0.34;01.Чер;0.062;5;12;0.99667;03.Лют;0.67;10.Тра;6
07.Січ;0.59;0;02.Лют;0.078;26;44;0.99522;Бер.42;0.68;10.Сер;6
09.Лип;0.42;0.46;02.Січ;0.074;5;16;0.99649;Бер.27;0.74;12.Бер;6
07.Чер;0.36;0.31;01.Лип;0.079;26;65;0.99716;Бер.46;0.62;09.Тра;6
07.Чер;0.36;0.31;01.Лип;0.079;26;65;0.99716;Бер.46;0.62;09.Тра;6
06.Тра;0.61;0;02.Лют;0.095;48;59;0.99541;Бер.61;0.7;11.Тра;6
06.Тра;0.88;0.03;05.Чер;0.079;23;47;0.99572;Бер.58;0.5;11.Лют;4
07.Січ;0.66;0;02.Кві;0.052;6;11;0.99318;Бер.35;0.66;12.Лип;7
05.Чер;0.915;0;02.Січ;0.041;17;78;0.99346;Бер.68;0.73;11.Кві;5
08.Лют;0.35;0.33;02.Кві;0.076;11;47;0.99599;Бер.27;0.81;11;6
08.Лют;0.35;0.33;02.Кві;0.076;11;47;0.99599;Бер.27;0.81;11;6
09.Сер;0.39;0.43;Січ.65;0.068;5;11;0.99478;Бер.19;0.46;11.Кві;5
10.Лют;0.4;0.4;02.Тра;0.068;41;54;0.99754;Бер.38;0.86;10.Тра;6
06.Сер;0.66;0.07;01.Чер;0.07;16;61;0.99572;Бер.29;0.6;09.Бер;5
06.Лип;0.64;0.23;02.Січ;0.08;11;119;0.99538;Бер.36;0.7;10.Вер;5
7;0.43;0.3;2;0.085;6;39;0.99346;Бер.33;0.46;11.Вер;6
06.Чер;0.8;0.03;07.Сер;0.079;6;12;0.9963;Бер.52;0.5;12.Лют;5
7;0.43;0.3;2;0.085;6;39;0.99346;Бер.33;0.46;11.Вер;6
06.Лип;0.64;0.23;02.Січ;0.08;11;119;0.99538;Бер.36;0.7;10.Вер;5
08.Сер;0.955;0.05;01.Сер;0.075;5;19;0.99616;03.Бер;0.44;09.Чер;4
09.Січ;0.4;0.57;04.Чер;0.08;6;20;0.99652;Бер.28;0.57;12.Тра;6
06.Тра;0.885;0;02.Бер;0.166;6;12;0.99551;Бер.56;0.51;10.Сер;5
07.Лют;0.25;0.37;02.Тра;0.063;11;41;0.99439;Бер.52;0.8;12.Кві;7
06.Кві;0.885;0;02.Бер;0.166;6;12;0.99551;Бер.56;0.51;10.Сер;5
7;0.745;0.12;01.Сер;0.114;15;64;0.99588;Бер.22;0.59;09.Тра;6
06.Лют;0.43;0.22;01.Сер;0.078;21;56;0.99633;Бер.52;0.6;09.Тра;6
07.Вер;0.58;0.23;02.Бер;0.076;23;94;0.99686;Бер.21;0.58;09.Тра;6
07.Лип;0.57;0.21;01.Тра;0.069;4;9;0.99458;Бер.16;0.54;09.Сер;6
07.Лип;0.26;0.26;2;0.052;19;77;0.9951;Бер.15;0.79;10.Вер;6
07.Вер;0.58;0.23;02.Бер;0.076;23;94;0.99686;Бер.21;0.58;09.Тра;6
07.Лип;0.57;0.21;01.Тра;0.069;4;9;0.99458;Бер.16;0.54;09.Сер;6
07.Вер;0.34;0.36;01.Вер;0.065;5;10;0.99419;Бер.27;0.54;11.Лют;7
08.Чер;0.42;0.39;01.Сер;0.068;6;12;0.99516;Бер.35;0.69;11.Лип;8
09.Вер;0.74;0.19;05.Сер;0.111;33;76;0.99878;Бер.14;0.55;09.Кві;5
07.Лют;0.36;0.46;02.Січ;0.074;24;44;0.99534;03.Кві;0.85;11;7
07.Лют;0.36;0.46;02.Січ;0.074;24;44;0.99534;03.Кві;0.85;11;7
07.Лют;0.36;0.46;02.Січ;0.074;24;44;0.99534;03.Кві;0.85;11;7
09.Вер;0.72;0.55;01.Лип;0.136;24;52;0.99752;Бер.35;0.94;10;5
07.Лют;0.36;0.46;02.Січ;0.074;24;44;0.99534;03.Кві;0.85;11;7
06.Лют;0.39;0.43;2;0.071;14;24;0.99428;Бер.45;0.87;11.Лют;7
06.Сер;0.65;0.02;02.Січ;0.078;8;15;0.99498;Бер.35;0.62;10.Кві;6
06.Чер;0.44;0.15;02.Січ;0.076;22;53;0.9957;Бер.32;0.62;09.Бер;5
06.Сер;0.65;0.02;02.Січ;0.078;8;15;0.99498;Бер.35;0.62;10.Кві;6
09.Чер;0.38;0.42;01.Вер;0.071;5;13;0.99659;Бер.15;0.75;10.Тра;6
10.Лют;0.33;0.46;01.Вер;0.081;6;9;0.99628;03.Січ;0.48;10.Кві;6
08.Сер;0.27;0.46;02.Січ;0.095;20;29;0.99488;Бер.26;0.56;11.Бер;6
07.Вер;0.57;0.31;2;0.079;10;79;0.99677;Бер.29;0.69;09.Тра;6
08.Лют;0.34;0.37;01.Вер;0.057;43;74;0.99408;Бер.23;0.81;12;6
08.Лют;0.4;0.31;01.Вер;0.082;8;24;0.996;Бер.24;0.69;10.Чер;6
9;0.39;0.4;01.Бер;0.044;25;50;0.99478;03.Лют;0.83;10.Вер;6
10.Вер;0.32;0.52;01.Сер;0.132;17;44;0.99734;Бер.28;0.77;11.Тра;6
10.Вер;0.32;0.52;01.Сер;0.132;17;44;0.99734;Бер.28;0.77;11.Тра;6
08.Січ;0.53;0.22;02.Лют;0.078;33;89;0.99678;Бер.26;0.46;09.Чер;6
10.Тра;0.36;0.47;02.Лют;0.074;9;23;0.99638;Бер.23;0.76;12;6
12.Чер;0.39;0.49;02.Тра;0.08;8;20;0.9992;03.Лип;0.82;10.Бер;6
09.Лют;0.46;0.23;02.Чер;0.091;18;77;0.99922;Бер.15;0.51;09.Кві;5
07.Тра;0.58;0.03;04.Січ;0.08;27;46;0.99592;03.Лют;0.47;09.Лют;5
9;0.58;0.25;2;0.104;8;21;0.99769;Бер.27;0.72;09.Чер;5
05.Січ;0.42;0;01.Сер;0.044;18;88;0.99157;Бер.68;0.73;13.Чер;7
07.Чер;0.43;0.29;02.Січ;0.075;19;66;0.99718;03.Кві;0.64;09.Тра;5
07.Лип;0.18;0.34;02.Лип;0.066;15;58;0.9947;Бер.37;0.78;11.Сер;6
07.Сер;0.815;0.01;02.Чер;0.074;48;90;0.99621;Бер.38;0.62;10.Сер;5
07.Чер;0.43;0.29;02.Січ;0.075;19;66;0.99718;03.Кві;0.64;09.Тра;5
10.Лют;0.23;0.37;02.Лют;0.057;14;36;0.99614;Бер.23;0.49;09.Бер;4
07.Січ;0.75;0.01;02.Лют;0.059;11;18;0.99242;Бер.39;0.4;12.Сер;6
6;0.33;0.32;12.Вер;0.054;6;113;0.99572;03.Бер;0.56;11.Тра;4
07.Сер;0.55;0;01.Лип;0.07;7;17;0.99659;Бер.26;0.64;09.Кві;6
07.Січ;0.75;0.01;02.Лют;0.059;11;18;0.99242;Бер.39;0.4;12.Сер;6
08.Січ;0.73;0;02.Тра;0.081;12;24;0.99798;Бер.38;0.46;09.Чер;4
06.Тра;0.67;0;04.Бер;0.057;11;20;0.99488;Бер.45;0.56;11.Сер;4
07.Тра;0.61;0.2;01.Лип;0.076;36;60;0.99494;03.Січ;0.4;09.Бер;5
09.Сер;0.37;0.39;02.Тра;0.079;28;65;0.99729;Бер.16;0.59;09.Сер;5
9;0.4;0.41;2;0.058;15;40;0.99414;Бер.22;0.6;12.Лют;6
08.Бер;0.56;0.22;02.Кві;0.082;10;86;0.9983;Бер.37;0.62;09.Тра;5
05.Вер;0.29;0.25;13.Кві;0.067;72;160;0.99721;Бер.33;0.54;10.Бер;6
07.Кві;0.55;0.19;01.Сер;0.082;15;34;0.99655;Бер.49;0.68;10.Тра;5
07.Кві;0.74;0.07;01.Лип;0.086;15;48;0.99502;03.Гру;0.48;10;5
07.Кві;0.55;0.19;01.Сер;0.082;15;34;0.99655;Бер.49;0.68;10.Тра;5
06.Вер;0.41;0.33;02.Лют;0.081;22;36;0.9949;Бер.41;0.75;11.Січ;6
07.Січ;0.6;0.01;02.Бер;0.079;24;37;0.99514;03.Кві;0.61;10.Вер;6
07.Січ;0.6;0.01;02.Бер;0.079;24;37;0.99514;03.Кві;0.61;10.Вер;6
07.Тра;0.58;0.14;02.Лют;0.077;27;60;0.9963;Бер.28;0.59;09.Сер;5
07.Січ;0.72;0;01.Сер;0.123;6;14;0.99627;Бер.45;0.58;09.Сер;5
07.Вер;0.66;0;01.Кві;0.096;6;13;0.99569;Бер.43;0.58;09.Тра;5
07.Сер;0.7;0.06;01.Вер;0.079;20;35;0.99628;03.Кві;0.69;10.Вер;5
06.Січ;0.64;0.02;02.Кві;0.069;26;46;0.99358;Бер.47;0.45;11;5
07.Тра;0.59;0.22;01.Сер;0.082;43;60;0.99499;03.Січ;0.42;09.Лют;5
7;0.58;0.28;04.Сер;0.085;12;69;0.99633;Бер.32;0.7;11;6
06.Сер;0.64;0;02.Лип;0.123;15;33;0.99538;Бер.44;0.63;11.Бер;6
06.Сер;0.64;0;02.Лип;0.123;15;33;0.99538;Бер.44;0.63;11.Бер;6
08.Чер;0.635;0.68;01.Сер;0.403;19;56;0.99632;03.Лют;Січ.15;09.Бер;5
06.Бер;01.Лют;0;2;0.083;17;24;0.99437;Бер.59;0.55;11.Лют;4
09.Сер;0.45;0.38;02.Тра;0.081;34;66;0.99726;Бер.15;0.58;09.Сер;5
08.Лют;0.78;0;02.Лют;0.089;13;26;0.9978;Бер.37;0.46;09.Чер;4
08.Тра;0.37;0.32;01.Сер;0.066;26;51;0.99456;Бер.38;0.72;11.Сер;6
07.Лют;0.57;0.05;02.Бер;0.081;16;36;0.99564;Бер.38;0.6;10.Бер;6
07.Лют;0.57;0.05;02.Бер;0.081;16;36;0.99564;Бер.38;0.6;10.Бер;6
10.Кві;0.43;0.5;02.Бер;0.068;13;19;0.996;03.Січ;0.87;11.Кві;6
06.Вер;0.41;0.31;2;0.079;21;51;0.99668;Бер.47;0.55;09.Тра;6
05.Тра;0.49;0.03;01.Сер;0.044;28;87;0.9908;03.Тра;0.82;14;8
5;0.38;0.01;01.Чер;0.048;26;60;0.99084;03.Лип;0.75;14;6
07.Бер;0.44;0.2;01.Чер;0.049;24;64;0.9935;Бер.38;0.57;11.Лип;6
05.Вер;0.46;0;01.Вер;0.077;25;44;0.99385;03.Тра;0.53;11.Лют;5
07.Тра;0.58;0.2;2;0.073;34;44;0.99494;03.Січ;0.43;09.Бер;5
07.Сер;0.58;0.13;02.Січ;0.102;17;36;0.9944;Бер.24;0.53;11.Лют;6
8;0.715;0.22;02.Бер;0.075;13;81;0.99688;Бер.24;0.54;09.Тра;6
08.Тра;0.4;0.4;06.Бер;0.05;3;10;0.99566;Бер.28;0.56;12;4
7;0.69;0;01.Вер;0.114;3;10;0.99636;Бер.35;0.6;09.Лип;6
8;0.715;0.22;02.Бер;0.075;13;81;0.99688;Бер.24;0.54;09.Тра;6
09.Сер;0.3;0.39;01.Лип;0.062;3;9;0.9948;Бер.14;0.57;11.Тра;7
07.Січ;0.46;0.2;01.Вер;0.077;28;54;0.9956;Бер.37;0.64;10.Кві;6
07.Січ;0.46;0.2;01.Вер;0.077;28;54;0.9956;Бер.37;0.64;10.Кві;6
07.Вер;0.765;0;2;0.084;9;22;0.99619;Бер.33;0.68;10.Вер;6
08.Лип;0.63;0.28;02.Лип;0.096;17;69;0.99734;Бер.26;0.63;10.Лют;6
7;0.42;0.19;02.Бер;0.071;18;36;0.99476;Бер.39;0.56;10.Вер;5
11.Бер;0.37;0.5;01.Сер;0.09;20;47;0.99734;Бер.15;0.57;10.Тра;5
07.Січ;0.16;0.44;02.Тра;0.068;17;31;0.99328;Бер.35;0.54;12.Кві;6
8;0.6;0.08;02.Чер;0.056;3;7;0.99286;Бер.22;0.37;13;5
7;0.6;0.3;04.Тра;0.068;20;110;0.99914;03.Бер;Січ.17;10.Лют;5
7;0.6;0.3;04.Тра;0.068;20;110;0.99914;03.Бер;Січ.17;10.Лют;5
07.Чер;0.74;0;01.Вер;0.1;6;12;0.99521;Бер.36;0.59;11;5
08.Лют;0.635;0.1;02.Січ;0.073;25;60;0.99638;Бер.29;0.75;10.Вер;6
05.Вер;0.395;0.13;02.Кві;0.056;14;28;0.99362;Бер.62;0.67;12.Кві;6
07.Тра;0.755;0;01.Вер;0.084;6;12;0.99672;Бер.34;0.49;09.Лип;4
08.Лют;0.635;0.1;02.Січ;0.073;25;60;0.99638;Бер.29;0.75;10.Вер;6
06.Чер;0.63;0;04.Бер;0.093;51;77.5;0.99558;03.Лют;0.45;09.Тра;5
06.Чер;0.63;0;04.Бер;0.093;51;77.5;0.99558;03.Лют;0.45;09.Тра;5
07.Лют;0.53;0.14;02.Січ;0.064;15;29;0.99323;Бер.35;0.61;12.Січ;6
05.Лип;0.6;0;01.Кві;0.063;11;18;0.99191;Бер.45;0.56;12.Лют;6
07.Чер;Січ.58;0;02.Січ;0.137;5;9;0.99476;03.Тра;0.4;10.Вер;3
05.Лют;0.645;0;Лют.15;0.08;15;28;0.99444;Бер.78;0.61;12.Тра;6
06.Лип;0.86;0.07;2;0.1;20;57;0.99598;03.Чер;0.74;11.Лип;6
09.Січ;0.37;0.32;02.Січ;0.064;4;15;0.99576;03.Бер;0.8;11.Лют;6
8;0.28;0.44;01.Сер;0.081;28;68;0.99501;Бер.36;0.66;11.Лют;5
07.Чер;0.79;0.21;02.Бер;0.087;21;68;0.9955;03.Гру;0.44;09.Лют;5
07.Тра;0.61;0.26;01.Вер;0.073;24;88;0.99612;03.Бер;0.53;09.Сер;5
09.Лип;0.69;0.32;02.Тра;0.088;22;91;0.9979;Бер.29;0.62;10.Січ;5
06.Сер;0.68;0.09;03.Вер;0.068;15;29;0.99524;Бер.41;0.52;11.Січ;4
09.Лип;0.69;0.32;02.Тра;0.088;22;91;0.9979;Бер.29;0.62;10.Січ;5
7;0.62;0.1;01.Кві;0.071;27;63;0.996;Бер.28;0.61;09.Лют;5
07.Тра;0.61;0.26;01.Вер;0.073;24;88;0.99612;03.Бер;0.53;09.Сер;5
06.Тра;0.51;0.15;3;0.064;12;27;0.9929;Бер.33;0.59;12.Сер;6
8;Січ.18;0.21;01.Вер;0.083;14;41;0.99532;Бер.34;0.47;10.Тра;5
7;0.36;0.21;02.Бер;0.086;20;65;0.99558;03.Кві;0.54;10.Січ;6
7;0.36;0.21;02.Кві;0.086;24;69;0.99556;03.Кві;0.53;10.Січ;6
07.Тра;0.63;0.27;2;0.083;17;91;0.99616;Бер.26;0.58;09.Сер;6
05.Кві;0.74;0;01.Лют;0.041;16;46;0.99258;04.Січ;0.59;12.Тра;6
09.Вер;0.44;0.46;02.Лют;0.091;10;41;0.99638;Бер.18;0.69;11.Вер;6
07.Тра;0.63;0.27;2;0.083;17;91;0.99616;Бер.26;0.58;09.Сер;6
09.Січ;0.76;0.68;01.Лип;0.414;18;64;0.99652;02.Вер;Січ.33;09.Січ;6
09.Лип;0.66;0.34;02.Чер;0.094;12;88;0.99796;Бер.26;0.66;10.Січ;5
5;0.74;0;01.Лют;0.041;16;46;0.99258;04.Січ;0.59;12.Тра;6
09.Січ;0.34;0.42;01.Сер;0.058;9;18;0.99392;Бер.18;0.55;11.Кві;5
09.Січ;0.36;0.39;01.Сер;0.06;21;55;0.99495;Бер.18;0.82;11;7
06.Лип;0.46;0.24;01.Лип;0.077;18;34;0.9948;Бер.39;0.6;10.Чер;6
06.Лип;0.46;0.24;01.Лип;0.077;18;34;0.9948;Бер.39;0.6;10.Чер;6
06.Лип;0.46;0.24;01.Лип;0.077;18;34;0.9948;Бер.39;0.6;10.Чер;6
06.Лип;0.46;0.24;01.Лип;0.077;18;34;0.9948;Бер.39;0.6;10.Чер;6
06.Тра;0.52;0.11;01.Сер;0.073;13;38;0.9955;Бер.34;0.52;09.Бер;5
07.Кві;0.6;0.26;02.Січ;0.083;17;91;0.99616;Бер.29;0.56;09.Сер;6
07.Кві;0.6;0.26;02.Січ;0.083;17;91;0.99616;Бер.29;0.56;09.Сер;6
07.Сер;0.87;0.26;03.Сер;0.107;31;67;0.99668;Бер.26;0.46;09.Лют;5
08.Кві;0.39;0.1;01.Лип;0.075;6;25;0.99581;03.Вер;0.43;09.Лип;6
09.Січ;0.775;0.22;02.Лют;0.079;12;48;0.9976;Бер.18;0.51;09.Чер;5
07.Лют;0.835;0;2;0.166;4;11;0.99608;Бер.39;0.52;10;5
06.Чер;0.58;0.02;02.Кві;0.069;19;40;0.99387;Бер.38;0.66;12.Чер;6
6;0.5;0;01.Кві;0.057;15;26;0.99448;Бер.36;0.45;09.Тра;5
6;0.5;0;01.Кві;0.057;15;26;0.99448;Бер.36;0.45;09.Тра;5
6;0.5;0;01.Кві;0.057;15;26;0.99448;Бер.36;0.45;09.Тра;5
07.Тра;0.51;0.02;01.Лип;0.084;13;31;0.99538;Бер.36;0.54;10.Тра;6
07.Тра;0.51;0.02;01.Лип;0.084;13;31;0.99538;Бер.36;0.54;10.Тра;6
07.Тра;0.51;0.02;01.Лип;0.084;13;31;0.99538;Бер.36;0.54;10.Тра;6
07.Чер;0.54;0.02;01.Лип;0.085;17;31;0.99589;Бер.37;0.51;10.Кві;6
07.Тра;0.51;0.02;01.Лип;0.084;13;31;0.99538;Бер.36;0.54;10.Тра;6
11.Тра;0.42;0.48;02.Чер;0.077;8;20;0.99852;03.Вер;0.53;11;5
08.Лют;0.44;0.24;02.Бер;0.063;10;28;0.99613;Бер.25;0.53;10.Лют;6
06.Січ;0.59;0.01;02.Січ;0.056;5;13;0.99472;Бер.52;0.56;11.Кві;5
07.Лют;0.655;0.03;01.Сер;0.078;7;12;0.99587;Бер.34;0.39;09.Тра;5
07.Лют;0.655;0.03;01.Сер;0.078;7;12;0.99587;Бер.34;0.39;09.Тра;5
06.Вер;0.57;0;02.Сер;0.081;21;41;0.99518;Бер.41;0.52;10.Сер;5
9;0.6;0.29;2;0.069;32;73;0.99654;Бер.34;0.57;10;5
07.Лют;0.62;0.01;02.Бер;0.065;8;46;0.99332;Бер.32;0.51;11.Сер;6
07.Чер;0.645;0.03;01.Вер;0.086;14;57;0.9969;Бер.37;0.46;10.Бер;5
07.Чер;0.645;0.03;01.Вер;0.086;14;57;0.9969;Бер.37;0.46;10.Бер;5
07.Лют;0.58;0.03;02.Бер;0.077;7;28;0.99568;Бер.35;0.52;10;5
06.Січ;0.32;0.25;01.Сер;0.086;5;32;0.99464;Бер.36;0.44;10.Січ;5
06.Січ;0.34;0.25;01.Сер;0.084;4;28;0.99464;Бер.36;0.44;10.Січ;5
07.Бер;0.43;0.24;02.Тра;0.078;27;67;0.99648;03.Чер;0.59;11.Січ;6
07.Кві;0.64;0.17;05.Кві;0.168;52;98;0.99736;Бер.28;0.5;09.Тра;5
11.Чер;0.475;0.4;01.Кві;0.091;6;28;0.99704;03.Лип;0.65;10.0333333333333;6
09.Лют;0.54;0.31;02.Бер;0.112;11;38;0.99699;Бер.24;0.56;10.Вер;5
08.Бер;0.85;0.14;02.Тра;0.093;13;54;0.99724;Бер.36;0.54;10.Січ;5
11.Чер;0.475;0.4;01.Кві;0.091;6;28;0.99704;03.Лип;0.65;10.0333333333333;6
8;0.83;0.27;2;0.08;11;63;0.99652;Бер.29;0.48;09.Сер;4
07.Лют;0.605;0.02;01.Вер;0.096;10;31;0.995;Бер.46;0.53;11.Сер;6
07.Сер;0.5;0.09;02.Лют;0.115;10;42;0.9971;Бер.18;0.62;09.Тра;5
07.Бер;0.74;0.08;01.Лип;0.094;10;45;0.99576;Бер.24;0.5;09.Сер;5
06.Вер;0.54;0.3;02.Лют;0.088;9;105;0.99725;Бер.25;Січ.18;10.Тра;6
8;0.77;0.32;02.Січ;0.079;16;74;0.99656;Бер.27;0.5;09.Сер;6
06.Чер;0.61;0;01.Чер;0.069;4;8;0.99396;Бер.33;0.37;10.Кві;4
08.Лип;0.78;0.51;01.Лип;0.415;12;66;0.99623;3;Січ.17;09.Лют;5
07.Тра;0.58;0.56;03.Січ;0.153;5;14;0.99476;Бер.21;01.Бер;11.Чер;6
08.Лип;0.78;0.51;01.Лип;0.415;12;66;0.99623;3;Січ.17;09.Лют;5
07.Лип;0.75;0.27;03.Сер;0.11;34;89;0.99664;Бер.24;0.45;09.Бер;5
06.Сер;0.815;0;01.Лют;0.267;16;29;0.99471;Бер.32;0.51;09.Сер;3
07.Лют;0.56;0.26;2;0.083;13;100;0.99586;Бер.26;0.52;09.Вер;5
08.Лют;0.885;0.2;01.Кві;0.086;7;31;0.9946;03.Лис;0.46;10;5
05.Лют;0.49;0.26;02.Бер;0.09;23;74;0.9953;Бер.71;0.62;12.Лют;6
07.Лют;0.45;0.15;2;0.078;10;28;0.99609;Бер.29;0.51;09.Вер;6
07.Тра;0.57;0.02;02.Чер;0.077;11;35;0.99557;Бер.36;0.62;10.Сер;6
07.Тра;0.57;0.02;02.Чер;0.077;11;35;0.99557;Бер.36;0.62;10.Сер;6
06.Сер;0.83;0.09;01.Сер;0.074;4;25;0.99534;Бер.38;0.45;09.Чер;5
8;0.6;0.22;02.Січ;0.08;25;105;0.99613;03.Бер;0.49;09.Вер;5
8;0.6;0.22;02.Січ;0.08;25;105;0.99613;03.Бер;0.49;09.Вер;5
07.Січ;0.755;0.15;01.Сер;0.107;20;84;0.99593;Бер.19;0.5;09.Тра;5
8;0.81;0.25;03.Кві;0.076;34;85;0.99668;Бер.19;0.42;09.Лют;5
07.Кві;0.64;0.07;01.Сер;0.1;8;23;0.9961;03.Бер;0.58;09.Чер;5
07.Кві;0.64;0.07;01.Сер;0.1;8;23;0.9961;03.Бер;0.58;09.Чер;5
06.Чер;0.64;0.31;06.Січ;0.083;7;49;0.99718;Бер.35;0.68;10.Бер;5
06.Лип;0.48;0.02;02.Лют;0.08;36;111;0.99524;03.Січ;0.53;09.Лип;5
6;0.49;0;02.Бер;0.068;15;33;0.99292;Бер.58;0.59;12.Тра;6
8;0.64;0.22;02.Кві;0.094;5;33;0.99612;Бер.37;0.58;11;5
07.Січ;0.62;0.06;01.Бер;0.07;5;12;0.9942;Бер.17;0.48;09.Сер;5
8;0.52;0.25;2;0.078;19;59;0.99612;03.Бер;0.48;10.Лют;5
06.Кві;0.57;0.14;03.Вер;0.07;27;73;0.99669;Бер.32;0.48;09.Лют;5
08.Чер;0.685;0.1;01.Чер;0.092;3;12;0.99745;Бер.31;0.65;Вер.55;6
08.Лип;0.675;0.1;01.Чер;0.09;4;11;0.99745;Бер.31;0.65;Вер.55;5
07.Бер;0.59;0.26;2;0.08;17;104;0.99584;Бер.28;0.52;09.Вер;5
7;0.6;0.12;02.Лют;0.083;13;28;0.9966;Бер.52;0.62;10.Лют;7
07.Лют;0.67;0;02.Лют;0.068;10;24;0.9956;Бер.42;0.72;11.Січ;6
07.Вер;0.69;0.21;02.Січ;0.08;33;141;0.9962;Бер.25;0.51;09.Вер;5
07.Вер;0.69;0.21;02.Січ;0.08;33;141;0.9962;Бер.25;0.51;09.Вер;5
07.Чер;0.3;0.42;2;0.052;6;24;0.9963;Бер.44;0.82;11.Вер;6
07.Лют;0.33;0.33;01.Лип;0.061;3;13;0.996;Бер.23;01.Січ;10;8
8;0.5;0.39;02.Чер;0.082;12;46;0.9985;Бер.43;0.62;10.Лип;6
07.Лип;0.28;0.3;2;0.062;18;34;0.9952;Бер.28;0.9;11.Бер;7
08.Лют;0.24;0.34;05.Січ;0.062;8;22;0.9974;Бер.22;0.94;10.Вер;6
6;0.51;0;02.Січ;0.064;40;54;0.995;Бер.54;0.93;10.Лип;6
08.Січ;0.29;0.36;02.Лют;0.048;35;53;0.995;Бер.27;01.Січ;12.Кві;7
6;0.51;0;02.Січ;0.064;40;54;0.995;Бер.54;0.93;10.Лип;6
06.Чер;0.96;0;01.Сер;0.082;5;16;0.9936;03.Тра;0.44;11.Вер;6
06.Кві;0.47;0.4;02.Кві;0.071;8;19;0.9963;Бер.56;0.73;10.Чер;6
08.Лют;0.24;0.34;05.Січ;0.062;8;22;0.9974;Бер.22;0.94;10.Вер;6
09.Вер;0.57;0.25;2;0.104;12;89;0.9963;03.Кві;0.9;10.Січ;5
10;0.32;0.59;02.Лют;0.077;3;15;0.9994;03.Лют;0.78;09.Чер;5
06.Лют;0.58;0;01.Чер;0.065;8;18;0.9966;Бер.56;0.84;09.Кві;5
10;0.32;0.59;02.Лют;0.077;3;15;0.9994;03.Лют;0.78;09.Чер;5
07.Бер;0.34;0.33;02.Тра;0.064;21;37;0.9952;Бер.35;0.77;12.Січ;7
07.Сер;0.53;0.01;01.Чер;0.077;3;19;0.995;Бер.16;0.46;09.Сер;5
07.Лип;0.64;0.21;02.Лют;0.077;32;133;0.9956;Бер.27;0.45;09.Вер;5
07.Сер;0.53;0.01;01.Чер;0.077;3;19;0.995;Бер.16;0.46;09.Сер;5
07.Тра;0.4;0.18;01.Чер;0.079;24;58;0.9965;Бер.34;0.58;09.Кві;5
7;0.54;0;02.Січ;0.079;39;55;0.9956;Бер.39;0.84;11.Кві;6
06.Кві;0.53;0.09;03.Вер;0.123;14;31;0.9968;03.Тра;0.67;11;4
08.Бер;0.26;0.37;01.Кві;0.076;8;23;0.9974;Бер.26;0.7;09.Чер;6
08.Бер;0.26;0.37;01.Кві;0.076;8;23;0.9974;Бер.26;0.7;09.Чер;6
07.Лип;0.23;0.37;01.Сер;0.046;23;60;0.9971;Бер.41;0.71;12.Січ;6
07.Чер;0.41;0.33;02.Тра;0.078;6;23;0.9957;03.Бер;0.58;11.Лют;5
07.Сер;0.64;0;01.Вер;0.072;27;55;0.9962;Бер.31;0.63;11;5
07.Вер;0.18;0.4;02.Лют;0.049;38;67;0.996;Бер.33;0.93;11.Бер;5
07.Кві;0.41;0.24;01.Сер;0.066;18;47;0.9956;Бер.37;0.62;10.Кві;5
07.Чер;0.43;0.31;02.Січ;0.069;13;74;0.9958;Бер.26;0.54;09.Вер;6
05.Вер;0.44;0;01.Чер;0.042;3;11;0.9944;Бер.48;0.85;11.Лип;6
06.Січ;0.4;0.16;01.Сер;0.069;11;25;0.9955;Бер.42;0.74;10.Січ;7
10.Лют;0.54;0.37;15.Кві;0.214;55;95;1.00369;Бер.18;0.77;9;6
10.Лют;0.54;0.37;15.Кві;0.214;55;95;1.00369;Бер.18;0.77;9;6
10;0.38;0.38;01.Чер;0.169;27;90;0.99914;Бер.15;0.65;08.Тра;5
06.Сер;0.915;0.29;04.Сер;0.07;15;39;0.99577;Бер.53;0.54;11.Січ;5
7;0.59;0;01.Лип;0.052;3;8;0.996;Бер.41;0.47;10.Бер;5
07.Бер;0.67;0.02;02.Лют;0.072;31;92;0.99566;Бер.32;0.68;11.0666666666667;6
07.Лют;0.37;0.32;2;0.062;15;28;0.9947;Бер.23;0.73;11.Бер;7
07.Кві;0.785;0.19;05.Лют;0.094;19;98;0.99713;Бер.16;0.52;9.56666666666667;6
06.Вер;0.63;0.02;01.Вер;0.078;18;30;0.99712;03.Кві;0.75;09.Сер;5
06.Вер;0.58;0.2;Січ.75;0.058;8;22;0.99322;Бер.38;0.49;11.Лип;5
07.Бер;0.67;0.02;02.Лют;0.072;31;92;0.99566;Бер.32;0.68;11.Січ;6
07.Кві;0.785;0.19;05.Лют;0.094;19;98;0.99713;Бер.16;0.52;09.Чер;6
06.Вер;0.63;0.02;01.Вер;0.078;18;30;0.99712;03.Кві;0.75;09.Сер;5
06.Сер;0.67;0;01.Вер;0.08;22;39;0.99701;03.Кві;0.74;09.Лип;5
06.Вер;0.58;0.01;01.Вер;0.08;40;54;0.99683;03.Кві;0.73;09.Лип;5
07.Лют;0.38;0.31;2;0.056;15;29;0.99472;Бер.23;0.76;11.Бер;8
07.Лют;0.37;0.32;2;0.062;15;28;0.9947;Бер.23;0.73;11.Бер;7
07.Сер;0.32;0.44;02.Лип;0.104;8;17;0.99732;Бер.33;0.78;11;7
06.Чер;0.58;0.02;2;0.062;37;53;0.99374;Бер.35;0.76;11.Чер;7
07.Чер;0.49;0.33;01.Вер;0.074;27;85;0.99706;Бер.41;0.58;9;5
11.Лип;0.45;0.63;02.Лют;0.073;7;23;0.99974;Бер.21;0.69;10.Вер;6
06.Тра;0.9;0;01.Чер;0.052;9;17;0.99467;03.Тра;0.63;10.Вер;6
6;0.54;0.06;01.Сер;0.05;38;89;0.99236;03.Бер;0.5;Жов.55;6
07.Чер;0.49;0.33;01.Вер;0.074;27;85;0.99706;Бер.41;0.58;9;5
08.Кві;0.29;0.4;01.Лип;0.067;8;20;0.99603;Бер.39;0.6;10.Тра;5
07.Вер;0.2;0.35;01.Лип;0.054;7;15;0.99458;Бер.32;0.8;11.Вер;7
06.Кві;0.42;0.09;02.Бер;0.054;34;64;0.99724;Бер.41;0.68;10.Кві;6
06.Лют;0.785;0;02.Січ;0.06;6;13;0.99664;Бер.59;0.61;10;4
06.Сер;0.64;0.03;02.Бер;0.075;14;31;0.99545;Бер.36;0.58;10.Кві;6
06.Вер;0.63;0.01;02.Кві;0.076;14;39;0.99522;Бер.34;0.53;10.Сер;6
06.Сер;0.59;0.1;01.Лип;0.063;34;53;0.9958;Бер.41;0.67;09.Лип;5
06.Сер;0.59;0.1;01.Лип;0.063;34;53;0.9958;Бер.41;0.67;09.Лип;5
07.Бер;0.48;0.32;02.Січ;0.062;31;54;0.99728;03.Бер;0.65;10;7
06.Лип;01.Кві;0.08;02.Бер;0.067;19;32;0.99648;Бер.52;0.57;11;4
07.Бер;0.48;0.32;02.Січ;0.062;31;54;0.99728;03.Бер;0.65;10;7
07.Бер;0.98;0.05;02.Січ;0.061;20;49;0.99705;Бер.31;0.55;09.Лип;3
10;0.69;0.11;01.Кві;0.084;8;24;0.99578;Лют.88;0.47;09.Лип;5
06.Лип;0.7;0.08;Бер.75;0.067;8;16;0.99334;Бер.43;0.52;12.Чер;5
07.Чер;0.35;0.6;02.Чер;0.073;23;44;0.99656;Бер.38;0.79;11.Січ;6
06.Січ;0.6;0.08;01.Сер;0.071;14;45;0.99336;Бер.38;0.54;11;5
09.Вер;0.5;0.5;13.Сер;0.205;48;82;1.00242;Бер.16;0.75;08.Сер;5
05.Бер;0.47;0.11;02.Лют;0.048;16;89;0.99182;Бер.54;0.88;13.5666666666667;7
09.Вер;0.5;0.5;13.Сер;0.205;48;82;1.00242;Бер.16;0.75;08.Сер;5
05.Бер;0.47;0.11;02.Лют;0.048;16;89;0.99182;Бер.54;0.88;13.Чер;7
07.Січ;0.875;0.05;05.Лип;0.082;3;14;0.99808;03.Кві;0.52;10.Лют;3
08.Лют;0.28;0.6;3;0.104;10;22;0.99828;Бер.39;0.68;10.Чер;5
05.Чер;0.62;0.03;01.Тра;0.08;6;13;0.99498;Бер.66;0.62;10.Січ;4
08.Лют;0.28;0.6;3;0.104;10;22;0.99828;Бер.39;0.68;10.Чер;5
07.Лют;0.58;0.54;02.Січ;0.114;3;9;0.99719;Бер.33;0.57;10.Бер;4
08.Січ;0.33;0.44;01.Тра;0.042;6;12;0.99542;Бер.35;0.61;10.Лип;5
06.Сер;0.91;0.06;2;0.06;4;11;0.99592;Бер.53;0.64;10.Вер;4
7;0.655;0.16;02.Січ;0.074;8;25;0.99606;Бер.37;0.55;09.Лип;5
06.Сер;0.68;0.21;02.Січ;0.07;9;23;0.99546;Бер.38;0.6;10.Бер;5
6;0.64;0.05;01.Вер;0.066;9;17;0.99496;Бер.52;0.78;10.Чер;5
05.Чер;0.54;0.04;01.Лип;0.049;5;13;0.9942;Бер.72;0.58;11.Кві;5
06.Лют;0.57;0.1;02.Січ;0.048;4;11;0.99448;Бер.44;0.76;10.Сер;6
07.Січ;0.22;0.49;01.Сер;0.039;8;18;0.99344;Бер.39;0.56;12.Кві;6
05.Чер;0.54;0.04;01.Лип;0.049;5;13;0.9942;Бер.72;0.58;11.Кві;5
06.Лют;0.65;0.06;01.Чер;0.05;6;18;0.99348;Бер.57;0.54;Лис.95;5
07.Лип;0.54;0.26;01.Вер;0.089;23;147;0.99636;Бер.26;0.59;09.Лип;5
06.Кві;0.31;0.09;01.Кві;0.066;15;28;0.99459;Бер.42;0.7;10;7
7;0.43;0.02;01.Вер;0.08;15;28;0.99492;Бер.35;0.81;10.Чер;6
07.Лип;0.54;0.26;01.Вер;0.089;23;147;0.99636;Бер.26;0.59;09.Лип;5
06.Вер;0.74;0.03;02.Бер;0.054;7;16;0.99508;Бер.45;0.63;11.Тра;6
06.Чер;0.895;0.04;02.Бер;0.068;7;13;0.99582;Бер.53;0.58;10.Сер;6
06.Вер;0.74;0.03;02.Бер;0.054;7;16;0.99508;Бер.45;0.63;11.Тра;6
07.Тра;0.725;0.04;01.Тра;0.076;8;15;0.99508;Бер.26;0.53;09.Чер;5
07.Сер;0.82;0.29;04.Бер;0.083;21;64;0.99642;Бер.16;0.53;09.Кві;5
07.Бер;0.585;0.18;02.Кві;0.078;15;60;0.99638;Бер.31;0.54;09.Сер;5
06.Лют;0.44;0.39;02.Тра;0.077;6;14;0.99555;Бер.51;0.69;11;6
07.Тра;0.38;0.57;02.Бер;0.106;5;12;0.99605;Бер.36;0.55;11.Кві;6
06.Лип;0.76;0.02;01.Сер;0.078;6;12;0.996;Бер.55;0.63;Вер.95;3
06.Сер;0.81;0.05;2;0.07;6;14;0.99562;Бер.51;0.66;10.Сер;6
07.Тра;0.38;0.57;02.Бер;0.106;5;12;0.99605;Бер.36;0.55;11.Кві;6
07.Січ;0.27;0.6;02.Січ;0.074;17;25;0.99814;Бер.38;0.72;10.Чер;6
07.Вер;0.18;0.4;01.Сер;0.062;7;20;0.9941;Бер.28;0.7;11.Січ;5
06.Кві;0.36;0.21;02.Лют;0.047;26;48;0.99661;Бер.47;0.77;09.Лип;6
07.Січ;0.69;0.04;02.Січ;0.068;19;27;0.99712;Бер.44;0.67;09.Сер;5
06.Кві;0.79;0.04;02.Лют;0.061;11;17;0.99588;Бер.53;0.65;10.Кві;6
06.Кві;0.56;0.15;01.Сер;0.078;17;65;0.99294;Бер.33;0.6;10.Тра;6
06.Вер;0.84;0.21;04.Січ;0.074;16;65;0.99842;Бер.53;0.72;9.23333333333333;6
06.Вер;0.84;0.21;04.Січ;0.074;16;65;0.99842;Бер.53;0.72;Вер.25;6
06.Січ;0.32;0.25;02.Бер;0.071;23;58;0.99633;Бер.42;0.97;10.Чер;5
06.Тра;0.53;0.06;2;0.063;29;44;0.99489;Бер.38;0.83;10.Бер;6
07.Кві;0.47;0.46;02.Лют;0.114;7;20;0.99647;Бер.32;0.63;10.Тра;5
06.Чер;0.7;0.08;02.Чер;0.106;14;27;0.99665;Бер.44;0.58;10.Лют;5
06.Тра;0.53;0.06;2;0.063;29;44;0.99489;Бер.38;0.83;10.Бер;6
06.Вер;0.48;0.2;01.Вер;0.082;9;23;0.99585;Бер.39;0.43;09.Тра;4
06.Січ;0.32;0.25;02.Бер;0.071;23;58;0.99633;Бер.42;0.97;10.Чер;5
06.Сер;0.48;0.25;2;0.076;29;61;0.9953;Бер.34;0.6;10.Кві;5
6;0.42;0.19;2;0.075;22;47;0.99522;Бер.39;0.78;10;6
06.Лип;0.48;0.08;02.Січ;0.064;18;34;0.99552;Бер.33;0.64;09.Лип;5
06.Сер;0.47;0.08;02.Лют;0.064;18;38;0.99553;03.Бер;0.65;09.Чер;6
07.Січ;0.53;0.07;01.Лип;0.071;15;24;0.9951;Бер.29;0.66;10.Сер;6
07.Вер;0.29;0.49;02.Лют;0.096;21;59;0.99714;Бер.31;0.67;10.Січ;6
07.Січ;0.69;0.08;02.Січ;0.063;42;52;0.99608;Бер.42;0.6;10.Лют;6
06.Чер;0.44;0.09;02.Лют;0.063;9;18;0.99444;Бер.42;0.69;11.Бер;6
06.Січ;0.705;0.1;02.Сер;0.081;13;28;0.99631;03.Чер;0.66;10.Лют;5
07.Лют;0.53;0.13;2;0.058;18;22;0.99573;Бер.21;0.68;09.Вер;6
8;0.39;0.3;01.Вер;0.074;32;84;0.99717;Бер.39;0.61;9;5
06.Чер;0.56;0.14;02.Кві;0.064;13;29;0.99397;Бер.42;0.62;11.Лип;7
7;0.55;0.13;02.Лют;0.075;15;35;0.9959;Бер.36;0.59;09.Лип;6
06.Січ;0.53;0.08;01.Вер;0.077;24;45;0.99528;03.Чер;0.68;10.Бер;6
05.Кві;0.58;0.08;01.Вер;0.059;20;31;0.99484;03.Тра;0.64;10.Лют;6
06.Лют;0.64;0.09;02.Тра;0.081;15;26;0.99538;Бер.57;0.63;12;5
07.Лют;0.39;0.32;01.Сер;0.065;34;60;0.99714;Бер.46;0.78;09.Вер;5
06.Лют;0.52;0.08;04.Кві;0.071;11;32;0.99646;Бер.56;0.63;11.Чер;6
07.Кві;0.25;0.29;02.Лют;0.054;19;49;0.99666;03.Кві;0.76;10.Вер;7
06.Лип;0.855;0.02;01.Вер;0.064;29;38;0.99472;03.Бер;0.56;Жов.75;6
11.Січ;0.44;0.42;02.Лют;0.064;14;19;0.99758;Бер.25;0.57;10.Кві;6
08.Кві;0.37;0.43;02.Бер;0.063;12;19;0.9955;Бер.17;0.81;11.Лют;7
06.Тра;0.63;0.33;01.Сер;0.059;16;28;0.99531;Бер.36;0.64;10.Січ;6
7;0.57;0.02;2;0.072;17;26;0.99575;Бер.36;0.61;10.Лют;5
06.Бер;0.6;0.1;01.Чер;0.048;12;26;0.99306;Бер.55;0.51;12.Січ;5
11.Лют;0.4;0.5;2;0.099;19;50;0.99783;03.Січ;0.58;10.Кві;5
07.Кві;0.36;0.3;01.Сер;0.074;17;24;0.99419;Бер.24;0.7;11.Кві;8
07.Січ;0.68;0;02.Бер;0.087;17;26;0.99783;Бер.45;0.53;09.Тра;5
07.Січ;0.67;0;02.Бер;0.083;18;27;0.99768;Бер.44;0.54;09.Кві;5
06.Бер;0.68;0.01;03.Лип;0.103;32;54;0.99586;Бер.51;0.66;11.Бер;6
07.Бер;0.735;0;02.Лют;0.08;18;28;0.99765;Бер.41;0.6;09.Кві;5
06.Чер;0.855;0.02;02.Кві;0.062;15;23;0.99627;Бер.54;0.6;11;6
7;0.56;0.17;01.Лип;0.065;15;24;0.99514;Бер.44;0.68;Жов.55;7
06.Чер;0.88;0.04;02.Лют;0.066;12;20;0.99636;Бер.53;0.56;09.Вер;5
06.Чер;0.855;0.02;02.Кві;0.062;15;23;0.99627;Бер.54;0.6;11;6
06.Вер;0.63;0.33;06.Лип;0.235;66;115;0.99787;Бер.22;0.56;09.Тра;5
07.Сер;0.6;0.26;2;0.08;31;131;0.99622;Бер.21;0.52;09.Вер;5
07.Сер;0.6;0.26;2;0.08;31;131;0.99622;Бер.21;0.52;09.Вер;5
07.Сер;0.6;0.26;2;0.08;31;131;0.99622;Бер.21;0.52;09.Вер;5
07.Лют;0.695;0.13;2;0.076;12;20;0.99546;Бер.29;0.54;10.Січ;5
07.Лют;0.695;0.13;2;0.076;12;20;0.99546;Бер.29;0.54;10.Січ;5
07.Лют;0.695;0.13;2;0.076;12;20;0.99546;Бер.29;0.54;10.Січ;5
06.Лип;0.67;0.02;01.Вер;0.061;26;42;0.99489;Бер.39;0.82;10.Вер;6
06.Лип;0.16;0.64;02.Січ;0.059;24;52;0.99494;Бер.34;0.71;11.Лют;6
07.Лют;0.695;0.13;2;0.076;12;20;0.99546;Бер.29;0.54;10.Січ;5
7;0.56;0.13;01.Чер;0.077;25;42;0.99629;Бер.34;0.59;09.Лют;5
06.Лют;0.51;0.14;01.Вер;0.056;15;34;0.99396;Бер.48;0.57;11.Тра;6
06.Кві;0.36;0.53;02.Лют;0.23;19;35;0.9934;Бер.37;0.93;12.Кві;6
06.Кві;0.38;0.14;02.Лют;0.038;15;25;0.99514;Бер.44;0.65;11.Січ;6
07.Бер;0.69;0.32;02.Лют;0.069;35;104;0.99632;Бер.33;0.51;09.Тра;5
6;0.58;0.2;02.Кві;0.075;15;50;0.99467;Бер.58;0.67;12.Тра;6
05.Чер;0.31;0.78;13.Вер;0.074;23;92;0.99677;Бер.39;0.48;10.Тра;6
07.Тра;0.52;0.4;02.Лют;0.06;12;20;0.99474;Бер.26;0.64;11.Сер;6
8;0.3;0.63;01.Чер;0.081;16;29;0.99588;03.Бер;0.78;10.Сер;6
06.Лют;0.7;0.15;05.Січ;0.076;13;27;0.99622;Бер.54;0.6;11.Вер;6
06.Сер;0.67;0.15;01.Сер;0.118;13;20;0.9954;Бер.42;0.67;11.Бер;6
06.Лют;0.56;0.09;01.Лип;0.053;24;32;0.99402;Бер.54;0.6;11.Бер;5
07.Кві;0.35;0.33;02.Кві;0.068;9;26;0.9947;Бер.36;0.6;11.Вер;6
06.Лют;0.56;0.09;01.Лип;0.053;24;32;0.99402;Бер.54;0.6;11.Бер;5
06.Січ;0.715;0.1;02.Чер;0.053;13;27;0.99362;Бер.57;0.5;11.Вер;5
06.Лют;0.46;0.29;02.Січ;0.074;32;98;0.99578;Бер.33;0.62;09.Сер;5
06.Лип;0.32;0.44;02.Кві;0.061;24;34;0.99484;Бер.29;0.8;11.Чер;7
07.Лют;0.39;0.44;02.Чер;0.066;22;48;0.99494;03.Бер;0.84;11.Тра;6
07.Тра;0.31;0.41;02.Кві;0.065;34;60;0.99492;Бер.34;0.85;11.Кві;6
05.Сер;0.61;0.11;01.Сер;0.066;18;28;0.99483;Бер.55;0.66;10.Вер;6
07.Лют;0.66;0.33;02.Тра;0.068;34;102;0.99414;Бер.27;0.78;12.Сер;6
06.Чер;0.725;0.2;07.Сер;0.073;29;79;0.9977;Бер.29;0.54;09.Лют;5
06.Бер;0.55;0.15;01.Сер;0.077;26;35;0.99314;Бер.32;0.82;11.Чер;6
05.Кві;0.74;0.09;01.Лип;0.089;16;26;0.99402;Бер.67;0.56;11.Чер;6
06.Бер;0.51;0.13;02.Бер;0.076;29;40;0.99574;Бер.42;0.75;11;6
06.Сер;0.62;0.08;01.Вер;0.068;28;38;0.99651;Бер.42;0.82;09.Тра;6
06.Лют;0.6;0.08;2;0.09;32;44;0.9949;Бер.45;0.58;10.Тра;5
05.Вер;0.55;0.1;02.Лют;0.062;39;51;0.99512;Бер.52;0.76;11.Лют;6
06.Бер;0.51;0.13;02.Бер;0.076;29;40;0.99574;Бер.42;0.75;11;6
05.Вер;0.645;0.12;2;0.075;32;44;0.99547;Бер.57;0.71;10.Лют;5
6;0.31;0.47;03.Чер;0.067;18;42;0.99549;Бер.39;0.66;11;6
